Id,Class,split,byte_length,truncated,padded,known_byte_count,unknown_byte_count,unknown_byte_ratio,entropy
02IOCvYEy8mjiuAQHax3,6,val,229376,228352,0,168392,60984,0.265869140625,4.953104293188992
03nJaQV6K2ObICUmyWoR,6,train,577536,576512,0,561264,16272,0.028174867021276594,7.95702254851267
05rJTUWYAKNegBk2wE8X,1,train,806912,805888,0,762632,44280,0.05487587246192893,7.064000916412147
0B2RwKm6dq9fjUWDNIOa,9,test,1335296,1334272,0,1334868,428,0.0003205281825153374,6.9797886499395885
0DqUX5rkg3IbMY6BLGCE,1,val,188416,187392,0,183928,4488,0.023819633152173912,6.991854739058979
0EAdHtLDypMcwjTFJziC,2,test,2301952,2300928,0,2294524,7428,0.0032268266236654803,5.696116709652573
0GKzFQ81IYXqUWkmfv26,3,test,2342912,2341888,0,852324,1490588,0.6362116887019231,7.982293588009409
0Hlm4XgE1cQhC6BkMays,2,train,2523136,2522112,0,2511512,11624,0.004606965300324675,5.098899414109088
0IAlcuEiP9G6epb71Oom,2,val,2338816,2337792,0,2326020,12796,0.005471144373905429,5.702816720464441
0KgE6ksUeytoHfl2cT4r,7,train,1245184,1244160,0,10572,1234612,0.9915096885279605,5.009776776576388
0LQSi5wnRZ3muIs6Mx9E,2,train,1205864,1204840,0,1193772,12092,0.010027664811288835,6.19127257335015
0MmZ8j5pn2R3VG9wlxYi,6,train,573440,572416,0,556656,16784,0.029268973214285714,7.9574098925564725
0P6tEopzr2mIhkuOKiCD,2,test,176128,175104,0,156196,19932,0.11316769622093023,6.744625589447585
0QIZ6hemJLErWdFlGnCc,9,train,1323008,1321984,0,1322644,364,0.00027513061145510834,6.997221651712986
0Tw8aQsVxMlZgFDPUm21,8,test,126976,125952,0,118412,8564,0.06744581653225806,7.132075529347105
0X6U3SfcmbuZNodnH9qL,1,val,249856,248832,0,249088,768,0.0030737704918032786,6.494452026445584
0gxJ1YmwFUvnOzoM8N53,2,train,2146304,2145280,0,2137336,8968,0.004178345658396946,4.197557800055806
0hWRb28Umdgj7xcXOwtC,3,test,2347008,2345984,0,854884,1492124,0.6357558218804538,7.977083774635416
0kzRDUmBLHGd4YPj7hO6,3,test,2347008,2345984,0,849764,1497244,0.6379373227530541,7.979662149943251
0qjuDC7Rhx9rHkLlItAp,5,train,720896,719872,0,261748,459148,0.6369129527698864,7.87946585873392
0uZcAvaHLitbWmC1QMXf,2,val,1717496,1716472,0,1702604,14892,0.0086707625519943,5.936392104240479
0xfjbVBPYX1pSt4rdWOe,7,train,1490944,1489920,0,1048560,442384,0.29671402815934067,4.991527345433832
0zr6vIw74DgVSKXiRUY1,8,train,126976,125952,0,117968,9008,0.07094254032258064,7.063955443782531
12TEseaJ4jnbyORqKxhf,1,train,212992,211968,0,186168,26824,0.12593900240384615,6.593509156198634
16gDhwbZTRjLMO9zI5cX,3,train,2355200,2354176,0,803684,1551516,0.6587618885869565,7.992747976915524
17aN50JFZXYrcAk2iCtG,3,train,2342912,2341888,0,853348,1489564,0.6357746257648601,7.982259845781571
17kCoALmxaXpcNzd5KnE,3,train,3125248,3124224,0,805220,2320028,0.7423500471002621,7.993422429193532
18S9URJgMWqua2TZevsh,7,train,1388544,1387520,0,11084,1377460,0.9920175377949852,4.730583024360908
18te652nLyCi3IrZqMOJ,7,train,1462272,1461248,0,11084,1451188,0.9924200148809523,3.7035436161789757
1ARrSUKCbhWeTFyjp4ix,8,val,126976,125952,0,118412,8564,0.06744581653225806,7.075170481117295
1AXVt0D9mSU26fL4iFGc,1,train,253952,252928,0,171744,82208,0.3237147177419355,6.584226942012103
1AhLOsNdHzDPfJrSXmQC,2,test,2588672,2587648,0,2576532,12140,0.0046896632713607595,4.817841169116052
1CWtrEfORZDj7psmnToA,1,train,1810432,1809408,0,1790320,20112,0.011108950791855204,6.68237243615127
1FAxSngsym35phwROGl0,7,train,1462272,1461248,0,11084,1451188,0.9924200148809523,4.255393901688521
1FacC02JPfxSdXeD7MEw,4,train,69632,68608,0,57800,11832,0.169921875,7.897453272203267
1HFt83wrBnSQu7cP2WZy,9,test,1437696,1436672,0,1435576,2120,0.0014745815527065526,5.673667587591783
1IpWLz6eyhVxDAfQMKEd,5,test,757760,756736,0,262692,495068,0.6533308699324324,7.914398719734577
1JiaRhjycfZb8BpmX4TM,8,test,126976,125952,0,117968,9008,0.07094254032258064,6.982513379634845
1KB3Z7gd5aN4Xmx8W0sf,5,train,2404352,2403328,0,265388,2138964,0.8896218191013628,7.852226734422718
1KjZ4An78sOytkzgRL0E,7,train,1462272,1461248,0,11084,1451188,0.9924200148809523,4.769445359508566
1OHzGWXBTlpyVsIPK3kj,1,train,221184,220160,0,197388,23796,0.10758463541666667,6.610281773090669
1SVleInitNjxByvsFbdm,9,train,1544192,1543168,0,1540400,3792,0.002455653183023873,5.616949145004556
1TLN456WuaqCsDr9pv0z,2,train,1937408,1936384,0,1928184,9224,0.004761000264270613,5.663026287632022
1Ue6El4YDMXcVmBsqkoF,8,train,126976,125952,0,117968,9008,0.07094254032258064,7.141492780917108
1aAwe4J9VHrsq8uEoZhf,1,train,528384,527360,0,498792,29592,0.0560047238372093,5.64686599410866
1ckp5Ye83yzjIilWQCfm,1,train,421888,420864,0,412804,9084,0.021531780946601943,6.898664165815271
1esMpo6SAPHiTUGEb3Bt,8,train,126976,125952,0,117968,9008,0.07094254032258064,7.071377982679242
1gQDa4l9cNBbkO7n5IY0,1,train,372736,371712,0,350768,21968,0.05893715659340659,6.937835870515734
1i2SThtkCGEplHeoJxqI,6,train,1028096,1027072,0,1015924,12172,0.011839361304780877,6.767042156369734
1iWTJCzlSZgempU2xf04,7,test,1257472,1256448,0,11080,1246392,0.9911886706026058,3.8362278384149664
1jinhWv67o4ODebAw5Q2,7,train,1462272,1461248,0,11084,1451188,0.9924200148809523,4.762156339754698
1nLqk0H5NYdR4OiJ6mob,7,train,1462272,1461248,0,11084,1451188,0.9924200148809523,4.780435987881258
1rbXZBI9R3EleQDH74Sk,2,train,159744,158720,0,138264,21480,0.13446514423076922,6.484085509820492
1sOzen4EwI3a2UkSJmT5,8,train,126976,125952,0,118412,8564,0.06744581653225806,7.010954630566754
1uCWzmkyoKRNPS4XHcnf,3,train,2342912,2341888,0,792932,1549980,0.6615613390515734,7.993794269376777
279EOCqmnPGMfixzTuwJ,3,train,2342912,2341888,0,852836,1490076,0.6359931572333916,7.982391565241385
283STBsQaI7Pw9qf0tjy,2,val,114688,113664,0,96920,17768,0.15492466517857142,6.413170430514338
2ITFtqynN5lOsP378RaC,3,train,2342912,2341888,0,806756,1536156,0.6556609894012237,7.991949338612448
2O8w7LMDfCgRhnvNuetV,2,test,2912256,2911232,0,2904356,7900,0.002712673611111111,5.596574037284939
2SWx845krYqTjzQGstVZ,8,train,393216,392192,0,163804,229412,0.5834248860677084,5.3050482046374965
2UBy1ZDIiOxJHNnX35Mf,7,val,1470464,1469440,0,11084,1459380,0.9924622432103064,5.140608379180755
2VhINMP4oKmsnjZkY38U,4,train,172032,171008,0,93668,78364,0.45551990327380953,7.893873291819017
2XoqdSMTgrZKACjPynfW,3,train,2342912,2341888,0,851300,1491612,0.636648751638986,7.982252195299402
2aHfrLhcPTj5GnFZXUCN,5,train,1052672,1051648,0,262220,790452,0.750900565418288,7.863148400185878
2bZlmksaBHeNDVnf9PRx,8,train,126976,125952,0,118412,8564,0.06744581653225806,7.132834515436706
2fmDnKjO0Ev1VYc4MhPs,3,test,2347008,2345984,0,848740,1498268,0.6383736229275742,7.980316061003165
2g4C03AeqoZR6ctiF1Qr,4,train,65536,64512,0,29540,35996,0.54925537109375,7.568801519217702
2g9xU7Md0IsoLb5f4QPR,6,train,163840,162816,0,163636,204,0.0012451171875,7.530381885971126
2i5N9Ftj3xoySflKzbAC,9,val,602112,601088,0,188112,414000,0.6875797193877551,5.359075714065025
2mYSX6J9Dd5lkpLuNMc8,4,train,643072,642048,0,292688,350384,0.544859673566879,7.9835296968744975
2naY3OZxS1g8HTqE07ew,9,val,1482752,1481728,0,1481340,1412,0.0009522833218232044,5.600737463787528
2oM4SOUtRKpCVxlXEmeN,3,train,2342912,2341888,0,850788,1492124,0.6368672831075175,7.9826112446066615
2pwjzv6eGEb8QmHPfxSc,5,train,331776,330752,0,260292,71484,0.21545862268518517,7.856380106233778
2qAtoGOuMQZdmH3y7bEY,5,train,1482752,1481728,0,269452,1213300,0.8182757467196132,7.79071319264145
2r0UYLcKCxnRovpj5dlQ,7,train,1511424,1510400,0,1507684,3740,0.002474487635501355,4.256435409857232
2wyvEnXdNFbxaAWr1Dok,8,train,356352,355328,0,126728,229624,0.6443741020114943,4.966313828884447
2xlhAE5LO8RFfczB6ep3,7,val,1462272,1461248,0,11084,1451188,0.9924200148809523,3.6288645646385973
2xysDc6OgM8z9KJ0A43P,8,train,315392,314368,0,85820,229572,0.7278941761363636,5.137520464693223
2zsVAYPQrf3GFoD5JhC0,3,train,3125248,3124224,0,1606500,1518748,0.48596079415137616,7.994195298530609
31lyTKsufPDUhgebwzQm,3,train,2342912,2341888,0,850276,1492636,0.637085814576049,7.982653262408778
35dbDR8KSIwZNAPlcgTi,7,val,1245184,1244160,0,6476,1238708,0.994799162212171,4.862589325606459
36mPaSFkA7gVLnCbhqTt,8,train,126976,125952,0,117968,9008,0.07094254032258064,7.142720911918229
36zPKsYmJc8wOiEqStFN,2,train,2437120,2436096,0,2425808,11312,0.004641544117647059,5.084147027969168
39YX8jkenM2UHOvCRDq5,9,train,249856,248832,0,248232,1624,0.006499743852459016,5.818504340309107
3AnwI4dqXDW8PQ7ijCKm,1,train,147456,146432,0,124728,22728,0.15413411458333334,7.269342258608006
3ESs1rk0uyp9wlGgFaKj,9,train,217088,216064,0,215616,1472,0.006780660377358491,5.463534653207653
3Fc2OQgjnfUebXqh5HWp,8,test,126976,125952,0,117968,9008,0.07094254032258064,6.783775512219505
3Fq0zG8mAv7H6O9nSyuj,2,train,1650688,1649664,0,1645764,4924,0.002982998604218362,6.140804046732092
3Fv8npJNEqWBSmi6OxXw,3,train,2342912,2341888,0,852836,1490076,0.6359931572333916,7.978894720582211
3FzBIgOhHKlnYspCXWLa,3,test,2342912,2341888,0,848740,1494172,0.6377414089816433,7.984414551450152
3OnykHo5geP1NAf6WVIw,9,train,1323008,1321984,0,1322492,516,0.0003900203173374613,6.98720108240592
3Q8Wvm1ceyOhSajNdCUb,4,train,643072,642048,0,283948,359124,0.5584506867038217,7.985173438838338
3RiBw0ntobeCh5VEQrY1,4,train,176128,175104,0,107848,68280,0.38767260174418605,7.8975329846507325
3dstJNajYRkxEV4g0nA6,3,test,2342912,2341888,0,852836,1490076,0.6359931572333916,7.982087412213677
3f0X7rvJBx4RQSbUcT15,2,train,2019328,2018304,0,2005592,13736,0.006802262931034483,5.870088423796279
3m8kb5ILPrHcMC1o9Nht,5,train,1171456,1170432,0,248136,923320,0.7881815450174825,7.874066156944668
3mpsxg2FODqCAXHbMKPi,7,train,1245184,1244160,0,10572,1234612,0.9915096885279605,5.070708794918941
3x9R8E6Gv5JhDda2eoq4,3,train,2347008,2345984,0,848740,1498268,0.6383736229275742,7.984356229722199
3yHaDhqlkp67fzMQAgxc,1,train,208896,207872,0,200024,8872,0.04247089460784314,6.850619270329035
3zZpqyclD9B2v5Qas18m,5,train,2592768,2591744,0,266000,2326768,0.8974069411532386,7.770922666377414
40KRbGeQZ8PwcUgt5joa,5,train,532480,531456,0,259472,273008,0.5127103365384615,7.88528698608161
40Mg1k2UlPuQcsEotIej,9,train,262144,261120,0,260148,1996,0.0076141357421875,5.478715604546118
4AuqM30HyOajgr8SleRL,4,val,643072,642048,0,295776,347296,0.5400577229299363,7.978333302275058
4EkPyotphi7jl8g3r2JH,8,train,126976,125952,0,118412,8564,0.06744581653225806,7.052296055954887
4Eo8QvuZFWCBR6i0rhs7,7,train,1462272,1461248,0,11084,1451188,0.9924200148809523,5.186698534274643
4FdKAHtfpGS1hCjgyNJo,8,train,126976,125952,0,117968,9008,0.07094254032258064,7.062854866468831
4GUJ7HBXO8I56WyRSMQd,4,val,643072,642048,0,298840,344232,0.5352930931528662,7.983239478711159
4PIo3NbSDfGxFc8gQ9M0,6,train,520192,519168,0,501860,18332,0.03524083415354331,6.671931354678037
4UTMdcZkxzLvwygO8EuK,5,train,2318336,2317312,0,265632,2052704,0.8854212676678446,7.884539586382325
4YUVqM7twOzoH2ABPJIi,7,train,1388544,1387520,0,11084,1377460,0.9920175377949852,4.934417781678353
4ZVUhT8gufvReG2XS51w,8,train,126976,125952,0,117968,9008,0.07094254032258064,6.7334207477416
4aMbnHlA9es8vKmOFR2Z,4,train,131072,130048,0,95200,35872,0.273681640625,7.948797781565535
4g2UZv3nOGWbTCiptDsQ,1,train,155648,154624,0,155292,356,0.0022872121710526315,7.066559911937665
4j5ZXQI3ghezluq1snEp,4,train,196608,195584,0,139720,56888,0.2893473307291667,7.906086196080193
4ng9zuri2Dtm5H8INwxF,9,test,1519616,1518592,0,1515824,3792,0.0024953672506738546,5.61760210572935
4pLtjmWkx3OYwiADERhg,2,train,528384,527360,0,523396,4988,0.009440104166666666,6.563873162122824
4suKxkVWNqFQZLB5UfXD,4,train,643072,642048,0,294216,348856,0.5424835788216561,7.979498442922624
4txzUmCskIHWrpBgLZM0,3,test,2347008,2345984,0,848740,1498268,0.6383736229275742,7.984553477854353
4vawJkZpDqzSU0FrANOm,3,train,2342912,2341888,0,852324,1490588,0.6362116887019231,7.981977976719666
52HWtsPqbBSn0awgkhTe,8,val,126976,125952,0,118412,8564,0.06744581653225806,6.771955717764209
57Y1sP8cgERT6OQyCJjN,9,train,847872,846848,0,828664,19208,0.022654362922705316,7.336698497958877
57aolZC6XSxqr2HiGsfV,7,val,1462272,1461248,0,11084,1451188,0.9924200148809523,4.45681220249452
57v6nKMC8lhLV34je2RW,2,train,2039808,2038784,0,2028680,11128,0.0054554154116465865,4.707468610832494
58BJu4mOfakNI1n9jKDV,2,train,2158592,2157568,0,2152684,5908,0.0027369692836812145,5.737293841679646
5EVhC0IMi1dNb7TtgxRa,7,train,1245184,1244160,0,6476,1238708,0.994799162212171,5.050167600206107
5FPfjxgv1adyEpBKGRqN,2,train,1671168,1670144,0,1659004,12164,0.007278741574754902,5.102459660203967
5JLHiDhkzyYPdTeuMqXb,4,train,188416,187392,0,100316,88100,0.467582370923913,7.929514014014163
5KZSxj8gGDcdu1bs0v76,1,train,671744,670720,0,663320,8424,0.012540491615853659,6.82007537014121
5Kj6AhNFgwEU9aeCXTOy,6,train,167936,166912,0,144628,23308,0.13879096798780488,6.559400507335033
5LFfKQjM4c1TNgmrEHpX,6,train,573440,572416,0,550284,23156,0.040380859375,7.526819897820927
5LaoOiqj82w0uQpWzDSf,9,train,167936,166912,0,167556,380,0.0022627667682926828,6.801008991375836
5MrYiQtEc4lwyBRWh8GJ,6,test,581632,580608,0,553840,27792,0.04778279049295775,7.5064423875418775
5QEDgGFSnVXWJLxUouBP,2,train,2027520,2026496,0,2014392,13128,0.006474905303030303,5.065104599738699
5Su9y2pdWjXihsICkxUF,1,test,143360,142336,0,134780,8580,0.059849330357142856,7.28802659571944
5VxRKX4N9ShuDZsqFepk,9,train,176128,175104,0,175796,332,0.0018849927325581396,6.638956907036846
5b6L7AeCpaJPYZX4Wqjf,8,train,126976,125952,0,117968,9008,0.07094254032258064,6.7836563611678065
5drRtkhwUeEg1WyBCXnF,9,train,229376,228352,0,227656,1720,0.007498604910714286,5.51089655090437
5iTN1hBtkRDLcF7JZYns,2,train,2121728,2120704,0,2106552,15176,0.007152660472972973,4.629510678680908
5mFA9kajVz67sSR8YNGL,1,train,294912,293888,0,281448,13464,0.045654296875,6.877648218278028
5mTjuSpdDG8k1IBHaPqY,7,train,1470464,1469440,0,11084,1459380,0.9924622432103064,4.848778946397806
5pwP8bUu32gVJDrRCIcL,3,train,2342912,2341888,0,854372,1488540,0.6353375628277972,7.980626115565397
5tMCNKDogQ2x7zwUbpcZ,5,train,1925120,1924096,0,280632,1644488,0.8542262300531915,7.884082614581806
5yeOrl2fKasq6BnStQ4G,2,train,299008,297984,0,281620,17388,0.058152290239726026,6.071782818469222
60DUJgelq3snQhyT5bxm,3,train,2342912,2341888,0,852836,1490076,0.6359931572333916,7.9825054130874475
61rgpy8Dx9SR4WBzaPtm,9,train,3239936,3238912,0,1404664,1835272,0.5664531645069533,7.44935035839909
65DnqP94QNtxbAHo1ucL,3,train,2342912,2341888,0,851300,1491612,0.636648751638986,7.984507555347859
65fRYHjJXpsLZdb8WFuy,2,val,475136,474112,0,456220,18916,0.039811759159482756,5.622262071655366
670isB8fzGbAXI3HmUoF,7,train,1462272,1461248,0,11084,1451188,0.9924200148809523,5.073832971574175
697TFDm0KRiZIgB4pJG1,7,val,1462272,1461248,0,11084,1451188,0.9924200148809523,5.226421495398531
6Cvyc7zMbZq5DfJprmXP,2,train,2498560,2497536,0,2483388,15172,0.006072297643442623,4.770326596770484
6Gl3BHUfNtrFQv5YJOym,6,train,258048,257024,0,103848,154200,0.5975632440476191,6.436631700350432
6HdwDkgvEnNh9cqlyfR7,4,train,643072,642048,0,305632,337440,0.5247312898089171,7.98770904217424
6JIAcqDxegQoLzdNM91w,4,test,155648,154624,0,100680,54968,0.3531558388157895,7.901557034693839
6JcOPhsUjbfXgnoQaHyN,6,train,303616,302592,0,302900,716,0.002358241989881956,7.758206044727064
6McvAWZj4285L7XPrwnE,7,train,1445888,1444864,0,11084,1434804,0.9923341226983002,5.405341145484125
6SMZ0wGN2p3hv9rFEVcb,1,train,274432,273408,0,255212,19220,0.07003556436567164,4.899209118317188
6VNXsCD0lueo1nw3KO5M,4,train,643072,642048,0,304584,338488,0.5263609673566879,7.989740464708746
6WauKLy80DTdQf5hjZx7,2,train,1205652,1204628,0,1194748,10904,0.009044069101200015,6.081221032351868
6XvS9xbnOsJKrGL30NZM,4,train,200704,199680,0,94048,106656,0.5314094387755102,7.927168415159967
6cYUST29aReytkJO4zXi,4,val,69632,68608,0,58848,10784,0.15487132352941177,7.8745941263615435
6cdHfleOSjY0BJxUZNMP,9,test,217088,216064,0,215504,1584,0.007296580188679245,5.63848330696984
6hFQvE8Ae5NfGVkHnC7t,2,train,69632,68608,0,24624,45008,0.6463694852941176,6.123277796677278
6hUFQKlg0x72GzZjJyI5,3,val,2342912,2341888,0,851812,1491100,0.6364302201704546,7.984682009125251
6kgpyCID8l4Pw7BYHTjM,8,val,196608,195584,0,149704,46904,0.23856608072916666,5.749416439189915
6lYnP71M2umQ3V4jJdLk,2,train,507904,506880,0,503480,4424,0.00871030745967742,5.465064931852392
6m2KfEwGe3bJakIr8Vhj,6,test,188416,187392,0,174704,13712,0.07277513586956522,7.967674790550637
6nyOgqz1XDCm9QsK4BRv,7,test,1462272,1461248,0,11084,1451188,0.9924200148809523,4.893666984787823
6tIbeDRa0jfnZYcFqVdL,1,train,176128,175104,0,148208,27920,0.15852107558139536,7.075634134832398
6tfq21R8nrIeSWAULNVk,3,train,2342912,2341888,0,851300,1491612,0.636648751638986,7.984080699795378
6tmqe5B8JDsQnyhGo7vP,2,test,2576384,2575360,0,2564796,11588,0.004497776728934817,5.970054669641593
6unp3PJlh9AoH5tsOE12,1,train,172032,171008,0,171748,284,0.0016508556547619048,7.6183674656048455
6wHyQ3DVLMBtsxnhGvmo,6,train,53248,52224,0,39024,14224,0.26712740384615385,7.735865577041869
6zGBMr2YkjqfXFtUb1Z4,3,train,2347008,2345984,0,849764,1497244,0.6379373227530541,7.979560180150784
723C8e4nNUKMLrQZYdpP,6,train,385024,384000,0,370804,14220,0.036932762632978726,7.980558705512911
72KpNMPtbRArxQLszX49,3,train,2347008,2345984,0,848740,1498268,0.6383736229275742,7.980108308635774
75qSAohLWYb60Hs24NUF,2,train,2121728,2120704,0,2111668,10060,0.004741418315637066,5.674426943024434
7A10IwRlFPe2x9KhagSV,1,train,122880,121856,0,108868,14012,0.11402994791666667,7.0280030007782335
7CAzl4vfXB9jtU5eaSPV,1,val,679936,678912,0,660368,19568,0.02877917921686747,7.25549795079513
7DLNKwxjz5AoPZtcXrHB,1,test,159744,158720,0,159412,332,0.0020783253205128205,6.636911522861915
7Ebd8M0gDHBRIjFvr6SQ,4,train,159744,158720,0,118572,41172,0.2577373798076923,7.872281925801454
7G3kjlrJTEBAdbepzQOc,3,train,2342912,2341888,0,852836,1490076,0.6359931572333916,7.9823990031888705
7GsWJqlM3kCt62axD5O8,4,train,65536,64512,0,46948,18588,0.28363037109375,7.774534018796992
7MQb5VEYLiSBPt1GZgeJ,1,train,356352,355328,0,344816,11536,0.03237248563218391,7.174127394718052
7SAUNtQf8RMmL904jxID,2,train,3907584,3906560,0,3901052,6532,0.0016716211346960168,5.584394596254132
7TOAFQ4IL2oain9Z1DRq,9,val,192512,191488,0,192164,348,0.0018076795212765956,5.432549299959581
7Tqx4LAfG8hZHivBO0CD,7,val,1462272,1461248,0,11084,1451188,0.9924200148809523,5.191727912947588
7Z54Kq6E2GTvgbyXunm8,8,val,126976,125952,0,117968,9008,0.07094254032258064,7.133613912391988
7akW4s9DnVjR20eflLYm,1,val,131072,130048,0,122468,8604,0.065643310546875,7.170959948165907
7cyYPthi5KmvXEs2NkRj,5,train,1658880,1657856,0,272572,1386308,0.8356891396604939,7.751937601841941
7lz9eQuHKTdVIfGYMrUn,3,train,2342912,2341888,0,850788,1492124,0.6368672831075175,7.982634343696537
7rLEfBjbiyXDU0Aewa4P,3,train,2342912,2341888,0,792420,1550492,0.6617798705201049,7.996966763617493
7uj5dveZfCAg4MWnorY0,2,train,1205576,1204552,0,1194196,11380,0.00943947125689297,6.120575394001723
7w9HgKIJmjx0cYnea243,2,train,1703936,1702912,0,1691704,12232,0.007178673377403846,5.80491659424063
7waVJqpLnoxz4fKsZv39,9,train,843776,842752,0,826140,17636,0.020901281856796117,7.3361750272831046
7yxCFjirtYhceaPuNZkD,9,train,1331200,1330176,0,1330796,404,0.0003034855769230769,6.447087257808721
80G5QtOzNdR9CVxTJ3Uv,1,train,2043904,2042880,0,2034468,9436,0.004616655185370741,7.558006524337253
81lKRfdtTgnpWqIUYMzo,3,train,2342912,2341888,0,851300,1491612,0.636648751638986,7.982405755063472
82L6irNBWpMQZ9DRlXKw,6,train,557056,556032,0,541808,15248,0.02737247242647059,7.973228746378366
86kXs2U1IEtu7d3fvxJY,7,train,1462272,1461248,0,11084,1451188,0.9924200148809523,5.164760779752394
8CKcwMWse2LIa9tkhGXE,6,val,606208,605184,0,593004,13204,0.02178130278716216,7.956540356392123
8JqbzxWR216yr3Ptgems,3,val,2342912,2341888,0,852836,1490076,0.6359931572333916,7.982428111258795
8VrlyPxXiEU2Bwg5ce3Q,9,test,1490944,1489920,0,1487760,3184,0.0021355597527472525,5.661712183712137
8XarpMwmLAk1gTDfYZol,9,train,1327104,1326080,0,1326756,348,0.00026222511574074077,6.453113067806048
8aIkyv7jJRcWpYOD9Ub1,8,train,364544,363520,0,134108,230436,0.6321212254213483,7.981549675597321
8gvOauLJb39wNfdAMDt6,2,test,2297856,2296832,0,2287940,9916,0.004315326983065954,4.574401861600297
8hIFCdlVcX0uxefwQ5E7,9,test,147456,146432,0,129828,17628,0.11954752604166667,7.281055371159279
8iZw1cMaPBr4RJzxlFXH,1,train,1024000,1022976,0,1006208,17792,0.017375,6.65083912274151
8jN4P37vE9ROTiHoZaDG,6,test,552960,551936,0,537712,15248,0.027575231481481482,7.976663906306926
8kVfT5MmuErjvdPsZxIY,7,train,1245184,1244160,0,6476,1238708,0.994799162212171,4.982749339657657
8lW0SucRGF2OTNLe7KZH,3,train,2347008,2345984,0,849764,1497244,0.6379373227530541,7.97977272416983
8mWh570SFDzATaLEeVH6,3,train,2347008,2345984,0,849764,1497244,0.6379373227530541,7.978293171090156
8odIrLKhPvcDWNCVasUl,4,test,212992,211968,0,100820,112172,0.5266488882211539,7.929758263920903
8vLGE0QNUBHaK3dt5hyl,7,train,1388544,1387520,0,11084,1377460,0.9920175377949852,5.073312302188153
8wSjurzyd3Z1UfgFJe6h,9,train,1503232,1502208,0,1501624,1608,0.0010696951634877384,5.628233419454632
8wiAzpNQEV07aXyR6DIl,4,val,643072,642048,0,295268,347804,0.5408476811305732,7.977743114865394
8wm2jYBqV30okUMfuDCd,5,train,1916928,1915904,0,291524,1625404,0.8479212573450855,7.730398228610328
93DFQGKTLxy8Ej6kwlPu,9,train,1331200,1330176,0,1330740,460,0.00034555288461538463,6.988735899132249
93a1FbpJTGSxjfNElrz6,2,val,479232,478208,0,462352,16880,0.035223023504273504,5.267807423681738
94dA6U1Diuc0rQxlyveO,1,train,217088,216064,0,193376,23712,0.10922759433962265,7.2089463065599855
974hJRWKfvXaTtNoqMGl,7,train,1454080,1453056,0,11084,1442996,0.9923773107394366,4.166254960067138
98fBSiA2Nul5EzmnC6kt,2,val,2306048,2305024,0,2297228,8820,0.0038247252442273534,4.6312549198789394
9AN1xYGCFidTnrJc5RUQ,3,train,2342912,2341888,0,792420,1550492,0.6617798705201049,7.996859782833978
9CVbzaWsLvcHjPqZu2Q3,4,val,135168,134144,0,100832,34336,0.2540246212121212,7.856663423302669
9CpcVP4NlA0n2hU7DzTY,4,train,671744,670720,0,278488,393256,0.585425400152439,7.981427400012487
9DauIvUMYJ15so3beSn0,4,train,217088,216064,0,113508,103580,0.47713369693396224,7.931309170808652
9KMBloOjwteu6ZxUhCzJ,2,train,299008,297984,0,278528,20480,0.0684931506849315,6.4130184583043235
9MFzgoiD3y0BXQGdY8vq,4,train,643072,642048,0,285000,358072,0.5568147890127388,7.979745469621124
9MKSaiLY4AtGDZfvRQ1E,4,train,188416,187392,0,100332,88084,0.46749745244565216,7.91651112678265
9PjuhOrlRqxHeQcEBYMX,3,train,2342912,2341888,0,854884,1488028,0.6351190313592657,7.976943093708005
9QRkLX8V3CAmUwb64aDJ,3,train,2342912,2341888,0,852836,1490076,0.6359931572333916,7.982543062655665
9XqeCuYvWS62VE5giIz0,2,val,2174976,2173952,0,2165372,9604,0.0044156809086629,5.7404357552946195
9dqPn4IQFJCw127aTVhp,6,train,139264,138240,0,126012,13252,0.09515739889705882,6.6701596211254905
9eMPNZm0jOhr1SLBDs46,4,val,643072,642048,0,297820,345252,0.5368792296974523,7.977095895592243
9eYt5hjsLfTizPRZ0aUJ,6,test,577536,576512,0,549228,28308,0.04901512632978723,7.4986374172419215
9gBVZNKoIPkFM8vOp45G,2,train,282624,281600,0,263684,18940,0.06701483242753623,6.185494801596796
9k7XsAPloT1qrQeV8RCa,1,train,282624,281600,0,271856,10768,0.038100090579710144,6.828441736249889
9l5grVFxD4EItfTnqmks,8,train,126976,125952,0,117968,9008,0.07094254032258064,7.143339913684231
9lHyVeXERtIaZcL4kWqM,4,val,65536,64512,0,43856,21680,0.330810546875,7.722070783713752
9ra6FlEPuhYQX72JAdzf,8,train,126976,125952,0,118412,8564,0.06744581653225806,6.71493606591112
9wOVdUL6r0SmjE1kAMxW,8,train,122880,121856,0,115908,6972,0.05673828125,6.786985157630785
9xTAMrBbq2ugRtDJ3lGU,2,train,1225856,1224832,0,1216196,9660,0.007880207789495667,6.248018780238027
A4Gwv2fplFCVaiSbKJN0,8,test,126976,125952,0,117968,9008,0.07094254032258064,7.066857252775378
AHErPLd2pTyWusBgXZOx,6,train,278528,277504,0,266352,12176,0.043715533088235295,7.975439677792568
AJBxQN3qer6FYj1RkbdU,9,val,192512,191488,0,187944,4568,0.023728390957446808,5.440215242343456
AK0WapSl9V5GYu1HsxLB,6,train,290816,289792,0,148152,142664,0.4905644806338028,4.354537964042963
AK8ZjCh1nXIzygf2s3Tv,6,val,184320,183296,0,168180,16140,0.08756510416666667,6.628530326609422
ANz6knJhUMmGgC2av4iB,6,val,602112,601088,0,574848,27264,0.04528061224489796,7.4762163623668485
AOVMlEpXa3N2Tj581QGc,7,test,1245184,1244160,0,6476,1238708,0.994799162212171,5.060800794846271
APTVokiODMSIyn3r5UuW,3,test,2347008,2345984,0,848740,1498268,0.6383736229275742,7.979893535722557
ARIuhH95Kori4B8wmQLM,4,train,237568,236544,0,138696,98872,0.41618399784482757,7.30153525945721
ATKzi05WXfeNpJPcvmaZ,6,train,499712,498688,0,478320,21392,0.042808657786885244,6.682799941446776
AXvM7mlBfJ8eHVDcspNz,7,val,1437696,1436672,0,1404612,33084,0.023011818910256412,6.258117819134309
AYVnhTKJPbW2eBjrQ3Cc,8,train,126976,125952,0,118412,8564,0.06744581653225806,7.06577218742639
Ab76U0fJanpo2QwxVN9e,4,val,630784,629760,0,299364,331420,0.5254096489448052,7.954847129562843
AeCXyFRcU2SsgvVTpMzi,5,train,331776,330752,0,275983,55793,0.16816466531635801,7.680014581492273
AiTGE0dPvU4JH92LYoXD,4,train,73728,72704,0,58312,15416,0.20909288194444445,7.877760517596579
AkmwZ96MNWGXnObY21SQ,9,val,176128,175104,0,175788,340,0.0019304142441860465,6.642180345685883
AlNimKRVGWnbq7X64jfs,4,train,241664,240640,0,147324,94340,0.3903767213983051,7.866410853578206
AtWjoFLHmYaelhIfzin9,1,train,151552,150528,0,147216,4336,0.028610641891891893,7.01678423935606
Ax8CPSOsnjuY1cDyNbqH,6,train,548864,547840,0,537200,11664,0.02125116604477612,7.977119382542237
AxOFp3oSKE5lCVHPsLjm,2,train,1585152,1584128,0,1578172,6980,0.004403363210594315,5.915997138220462
B17Ru4gs0vhqyMjCtLZw,9,train,147456,146432,0,129300,18156,0.12312825520833333,7.29126443056281
B1RqJe6Mmwjnls7K4aUI,9,train,1327104,1326080,0,1326660,444,0.0003345630787037037,6.921164459074136
B3F57b1RXv8cuGZifynU,9,train,1335296,1334272,0,1334848,448,0.00033550613496932517,6.443236190354352
B5KcvwyrkjX8oZWbMRap,1,val,258048,257024,0,249004,9044,0.03504774305555555,6.43437400863092
B6dzEY3kKIn8me9McfGg,5,train,1847296,1846272,0,293312,1553984,0.8412208980044346,7.739370118910079
B7O90Mfiz5EPpJyTdXFb,2,test,2596864,2595840,0,2586152,10712,0.00412497535488959,4.387053117864253
BAGfw1SeoPIqyhTErbit,4,val,155648,154624,0,80740,74908,0.48126541940789475,7.920366727971357
BASrsZoQNCtedvFkT5Xz,6,val,573440,572416,0,547200,26240,0.04575892857142857,7.500639611117833
BEcVolryIXTuDYLKbgGj,6,train,167936,166912,0,167732,204,0.001214748475609756,7.56490809727185
BEqMgotbrGVUiXsuFJWw,3,train,3125248,3124224,0,805220,2320028,0.7423500471002621,7.993354390048771
BK2Osv0kr1lnCpSDUaIf,6,train,565248,564224,0,547440,17808,0.03150475543478261,7.979760393106073
BKXtxeYlLsprabEWIQhn,5,train,339968,338944,0,285924,54044,0.15896790286144577,7.660741052415832
BL4IWnsa2AbXyoPHQ0kJ,1,train,167936,166912,0,159320,8616,0.051305259146341466,6.820546593904136
BM9ri8vXtbxJNem6S4wg,8,train,126976,125952,0,118412,8564,0.06744581653225806,6.718783484313272
BRHGMC6IkeKx4LjfPJ1Y,1,train,897024,896000,0,887672,9352,0.0104255850456621,6.797515138388041
BRcPd4zStO9XVsnayUYw,1,test,184320,183296,0,154940,29380,0.1593967013888889,6.534623143468496
BTQCdlRynE0jZFomPDwq,2,train,1177060,1176036,0,1166596,10464,0.00888994613698537,6.021604091109161
BdonVvH3SC2IFgc6NQTh,7,train,1462272,1461248,0,11084,1451188,0.9924200148809523,3.88019660808708
Be50gvTzhjPKQ4m2FyLl,9,train,233472,232448,0,231916,1556,0.006664610745614035,5.664320677964554
Bi0qfC3cKRzFTNxgjbrJ,1,train,151552,150528,0,124780,26772,0.17665223817567569,7.2944876129659475
Bj1A0a6Ec4MIUQzfsTg7,4,train,647168,646144,0,299864,347304,0.5366519976265823,7.9683401596178545
BpLKvjJNAdDqyMElYnR3,7,train,1458176,1457152,0,11084,1447092,0.9923987227879213,4.886436209455429
BptGe4VriOWLUXmwoN81,1,train,815104,814080,0,723876,91228,0.11192191425879397,6.6447830368581124
BsouwtiGC4ULQcRpOWh0,8,train,126976,125952,0,117968,9008,0.07094254032258064,6.737501855834058
BvwxC30DRuqGQag5ybjn,1,train,1462272,1461248,0,1317284,144988,0.09915255164565827,6.689043890635403
BxPFmVlCKJpDQzIZcEAs,7,train,1462272,1461248,0,11084,1451188,0.9924200148809523,5.158337032543024
BxhpgtQbsyuqY06HJ2OT,9,train,3239936,3238912,0,1403148,1836788,0.5669210749841972,7.465548319646239
ByY1Q4t83mnODGTj59op,8,train,212992,211968,0,133272,79720,0.3742863581730769,6.121349202016371
Byt6LiXanHRvSsMEGFU9,8,train,237568,236544,0,172440,65128,0.27414466594827586,7.923003178046131
C1OlcN2H8W0YATqZxipn,1,train,122880,121856,0,112416,10464,0.08515625,7.401123835840053
C1XFOqQ7ifPH23LaZolY,1,test,299008,297984,0,286040,12968,0.04337007705479452,6.812739394215586
C7zrE8PH5XKtM4n0uYkT,7,test,1462272,1461248,0,11084,1451188,0.9924200148809523,4.000115578287114
CF6vmR5JGh0jw8eNoE1I,2,train,2428928,2427904,0,2417804,11124,0.004579798166104553,5.371672087400841
CFGqpn3MEZYvh9mHtL2N,8,test,315392,314368,0,189172,126220,0.40020038555194803,7.1714058866235515
CG6sL3Aug4yomNnztEIw,7,train,1388544,1387520,0,11084,1377460,0.9920175377949852,5.114523905033086
CGtMcxADYKyHhnTrebkz,6,train,573440,572416,0,557168,16272,0.02837611607142857,7.976282341928385
CITaOLPoy9vEpM0qe8X2,4,train,638976,637952,0,275808,363168,0.568359375,7.989291146506444
CJd8AaX1f4EqUVtj9Won,4,train,217088,216064,0,108380,108708,0.500755454009434,7.921431513800364
CLZ15SyTFMUBH3ldR427,9,test,892928,891904,0,671212,221716,0.24830221473623854,7.6889123005498465
CMKGnmX4D3dQIzgxUAqT,1,train,196608,195584,0,196376,232,0.0011800130208333333,7.0884885032418214
COz1qc0Ds7RHkdbQBwvU,4,train,647168,646144,0,308168,339000,0.5238207080696202,7.965125939860183
CR9GPyMf7ASTVdHWvoX2,1,train,274432,273408,0,249144,25288,0.09214668843283583,6.909499637291514
CRrAOvzk452LVZIGMWsq,5,train,1634304,1633280,0,264740,1369564,0.8380105537280702,7.797904317570324
CWDE4xUiRdwmFGAt80pn,6,test,823296,822272,0,798568,24728,0.03003537002487562,6.693798640892055
CX7ol6EGO5dcu8pPirjI,1,train,352256,351232,0,347440,4816,0.013671875,5.0999880250152385
CZ2gJmqpoi0PuKQnxfHw,9,train,851968,850944,0,831788,20180,0.023686335637019232,7.326420326335945
CZERL3GtjlXBSK2QidO6,4,test,643072,642048,0,285528,357544,0.5559937300955414,7.9813425288555475
Ce3k2BNVSYobKq5zGTtI,9,train,176128,175104,0,175768,360,0.002043968023255814,6.613773154066411
CmqH2NFrlY4EyvzkTW1S,1,test,188416,187392,0,175716,12700,0.06740404211956522,7.074872226223839
CnhXYK6fcAieFjQgJ4Hv,4,train,176128,175104,0,109408,66720,0.3788154069767442,7.894822586895547
CofyHkdmFVtYO5KWJn46,8,train,126976,125952,0,117968,9008,0.07094254032258064,7.053048544779928
CpqoJfz2l3hv9bsUOBHR,6,train,512000,510976,0,497264,14736,0.02878125,7.98182572953789
CvdWjIn9A4GkBbp1HF6T,4,train,630784,629760,0,297824,332960,0.5278510551948052,7.95804777727196
Cvi1y2efF0AhORZ75uNK,8,train,126976,125952,0,117968,9008,0.07094254032258064,7.141019343052879
D0xHyj1fV5sA3tN4JL26,6,train,585728,584704,0,561024,24704,0.042176573426573424,7.46778005758393
D14MK7pSBhfeR3WxHztw,2,val,2523136,2522112,0,2509352,13784,0.005463042816558442,4.4760082575312925
D3P5wso2J0hYbKRIWaCL,6,train,516096,515072,0,504572,11524,0.022329179067460316,6.851991588597002
D3n6SdQlaemK42C9gfR0,6,val,565248,564224,0,555632,9616,0.017012001811594204,4.312453400780251
D3ukxpLVATJ8FR5m9Cjd,3,train,3125248,3124224,0,1606500,1518748,0.48596079415137616,7.994200263817179
D5Rb6TvCxzcwhUsF4J9A,3,train,2347008,2345984,0,854884,1492124,0.6357558218804538,7.977448094004092
D6WLAbdEhBvgXrRMJkao,4,val,188416,187392,0,102372,86044,0.4566703464673913,7.906954414697736
D6u5yVKshqgxUP3WkGf1,9,train,229376,228352,0,227900,1476,0.006434849330357143,5.74840769507514
D95QEl8vuaTqdIAszekS,2,train,466944,465920,0,450064,16880,0.0361499451754386,5.556081078795064
D9XrA6kMy2sh8ZYnjqiT,8,train,176128,175104,0,164528,11600,0.06586119186046512,5.823459397528161
DCbTkH41EJzSQtLAVFmp,2,train,897024,896000,0,890112,6912,0.007705479452054794,5.345431843256878
DEyOUKzN2g8suv96eYoC,5,train,880640,879616,0,250488,630152,0.715561409883721,7.874562179692602
DF8mJsVZeA2E6INP03vc,6,train,622592,621568,0,609904,12688,0.020379317434210526,7.955741654412259
DIjcFZaN2Ly4VGnKdoql,9,test,1249280,1248256,0,1248904,376,0.0003009733606557377,5.084545302687531
DPVTHpkfLrABWaqgoyjw,8,train,389120,388096,0,159640,229480,0.5897409539473685,4.41275361621927
DQ5fK17GCZbnJs6oNWva,2,test,1880064,1879040,0,1869980,10084,0.0053636471949891065,5.924389956180913
DRsZqtFbzNrucxWaJofL,4,train,61440,60416,0,29028,32412,0.5275390625,7.64911537388092
DUVqFkRTd3MnipSGWgbX,9,train,1327104,1326080,0,1326724,380,0.0002863377700617284,6.444291022164668
DVsfP6pU89nBdhZHqxI5,3,train,2342912,2341888,0,852836,1490076,0.6359931572333916,7.982159744250328
DYzoP85CvmEU6BHWwVT0,3,train,2342912,2341888,0,852836,1490076,0.6359931572333916,7.982093290376335
DayOBihLJU5IkSjAgMmt,9,train,1327104,1326080,0,1326700,404,0.00030442226080246913,6.756075274930116
Db0XpT26ZKq1d8eVPzfx,3,val,3125248,3124224,0,1607524,1517724,0.4856331401539974,7.993944900710593
DdQMyxkfHuoOFEURZTBi,1,train,155648,154624,0,143504,12144,0.07802220394736842,6.867931402965159
DeNw5KicW6YRnFjQbmaE,1,train,385024,384000,0,376472,8552,0.02221160239361702,6.635447033795808
Di0ceNElhvZrdMRgbyYX,2,test,684032,683008,0,683240,792,0.0011578405688622755,4.803957793247734
DibnkXflY49wcOpo7vyK,6,train,552960,551936,0,537200,15760,0.02850115740740741,7.977558332795649
Dj3FqX9IAHco2tG1UOZS,5,train,2363392,2362368,0,278024,2085368,0.882362299610052,7.86955528048828
DkNYd806tFbgoJ4zf1UA,8,test,126976,125952,0,118412,8564,0.06744581653225806,7.130698548865005
DkaztyF2x9RE0sm5PMhA,3,train,3125248,3124224,0,805220,2320028,0.7423500471002621,7.99341343965508
Dn4rZAFdVq6gHktTziEC,7,test,1245184,1244160,0,6476,1238708,0.994799162212171,4.9529587363339935
DnSqtl6oksRxOwP8g0AM,8,train,299008,297984,0,68656,230352,0.7703874143835616,5.123214162342439
DohL5RXbrCuUNZtM28x7,6,train,294912,293888,0,294704,208,0.0007052951388888889,4.36782838968727
DtFJrH7gBuWNsV0YCbvR,2,train,229376,228352,0,210980,18396,0.0802001953125,6.361108747844858
E15YPWfDswVaxUlCdyoe,8,train,311296,310272,0,81792,229504,0.7372532894736842,4.780784325768957
E1ALI9eYXgG2Nk0HOoby,1,train,155648,154624,0,130884,24764,0.15910259046052633,7.240848883265425
E4HJzxXgY8B19ZADdtoL,8,test,126976,125952,0,117968,9008,0.07094254032258064,7.140544974510998
E5LXhtYsZMWfA4ebSVUk,3,train,3125248,3124224,0,805220,2320028,0.7423500471002621,7.993321614440987
E5SkPYDzxpyMwtXTWZ8a,2,train,1765376,1764352,0,1753744,11632,0.006588964617169374,5.043696039153984
E7QxgmVGInW4LClbyA5w,3,train,2342912,2341888,0,853860,1489052,0.6355560942963286,7.979007751313631
EB0d2fJGLHam1tQCUDWu,5,train,892928,891904,0,261616,631312,0.7070133314220184,7.895570658906889
EC82QvRNxyZOiAKhlo0V,6,train,188416,187392,0,188212,204,0.001082710597826087,7.499710032550235
EFyS8WGvdetUPbqiBhID,4,train,155648,154624,0,87852,67796,0.4355725740131579,7.88701796192024
EIhQGg69bACYPNXBSxy5,8,train,790528,789504,0,790244,284,0.0003592535621761658,6.0135458102156445
EKmgShQsf6a9vY0znNlU,4,train,241664,240640,0,143704,97960,0.4053561970338983,7.868969167284632
EMo7F2Xe8pgWKZfwhHuV,9,train,307200,306176,0,306820,380,0.0012369791666666666,6.938932609182073
ENo8Xj5AOMHw2LDQuYB3,2,train,282624,281600,0,265228,17396,0.06155174365942029,6.149529379887394
EOeh6tPNzBog5vQRMF0r,6,train,577536,576512,0,380548,196988,0.3410834995567376,7.8464717708315135
EPz8I26gZmCOiGbWXwhx,3,train,2342912,2341888,0,852836,1490076,0.6359931572333916,7.982363005053443
EWjvFU5GXeSaHzxBh0f9,7,val,700145,699121,0,700145,0,0.0,7.880611293370507
EXJvSznUcQjwyD4rGCNq,2,train,2396160,2395136,0,2388224,7936,0.003311965811965812,5.660852501949581
EYJryk0oKhPwRNbWuIUz,4,train,155648,154624,0,103760,51888,0.3333675986842105,7.788698768467589
EYhwV1UDBWaJlxNveuRp,3,train,2342912,2341888,0,854884,1488028,0.6351190313592657,7.977145399507119
EdT3lQiGHbzmrX2L1NgD,4,train,196608,195584,0,135624,60984,0.3101806640625,7.857122092672499
EgJw2tGHKzZ3YeR85aID,8,train,126976,125952,0,117968,9008,0.07094254032258064,7.0848940124831055
EjnR6Llw4p7sQkJWYiBq,6,train,798720,797696,0,772972,25748,0.032236578525641026,7.513955708180415
EpVF6whltPArouQzvC34,6,train,544768,543744,0,523332,21436,0.03934886043233083,6.849374995580369
Er6sn81fNIRqa2Db5pTu,2,train,1662976,1661952,0,1651704,11272,0.006778209667487684,5.423730008062554
EuH31db0IYoVintDaL9v,1,train,192512,191488,0,167692,24820,0.12892702792553193,7.242134454268058
Ewi4DkoMZnX32pfdhRem,6,train,163840,162816,0,163636,204,0.0012451171875,6.401101104602288
Ewn8395kMeDfBKxXJQd4,2,train,1205676,1204652,0,1192704,12972,0.010759109412478974,6.076797951006133
ExVywGIrOR8UiNtujSXh,6,train,204800,203776,0,188532,16268,0.07943359375,7.93430901894889
F1BvgrkuXq6zEfUsHAVG,1,train,1220608,1219584,0,1199000,21608,0.017702653104026845,6.906841067746735
F58JACMhQPSYrdxqBW2p,7,train,472355,471331,0,472355,0,0.0,7.9993835814496475
F6nOrb9ipd0SskWuJjUw,5,train,634880,633856,0,264244,370636,0.5837890625,7.908806498663673
F8CeVXzxLhnjo0BHATPZ,6,train,1032192,1031168,0,1018484,13708,0.013280474950396826,6.766999502409643
FAMI9aEG2hk8BKeNYzmZ,9,train,1339392,1338368,0,1338876,516,0.0003852494266055046,6.694554768819412
FBUMp7LZTP5SD82xyAWG,6,train,593920,592896,0,563564,30356,0.05111126077586207,7.500214114765891
FD0QUxGhmurO9Y6bITAj,4,train,212992,211968,0,102872,110120,0.5170147235576923,7.929016141005139
FDHjobQnCUSs6atXldJL,7,train,1462272,1461248,0,11084,1451188,0.9924200148809523,4.039033582104769
FIxgyKhla8MGTcAf7Xur,8,train,311296,310272,0,110788,200508,0.6441072162828947,4.97607359996568
FNRvlymt10cLEBADOj9u,7,train,1462272,1461248,0,11084,1451188,0.9924200148809523,5.273246024062649
FQLZtVfKGT83YewqPjiI,7,train,1462272,1461248,0,11084,1451188,0.9924200148809523,4.506046261141466
FQvbKakrJtVAs1oqd8cS,2,train,1798144,1797120,0,1791136,7008,0.003897351936218679,5.71480368860588
FR35AhkoUflSTdIs7bvi,2,train,1181024,1180000,0,1168084,12940,0.010956593600130057,6.03244930007709
FRzN6ZiS5KU3Iyql2sc7,9,train,847872,846848,0,830724,17148,0.0202247509057971,7.330675583235045
FSMegdBp4jGDmah6vCsr,2,train,1961984,1960960,0,1947320,14664,0.007474067066805846,6.156158081569497
FWdX4sHo6lDgZBzGKymf,1,train,192512,191488,0,192184,328,0.0017037898936170214,7.492155906920136
FXGvem2ls1xYbt7rkN3u,7,train,1712128,1711104,0,1048736,663392,0.3874663576555024,5.021942058725881
FdiEeV3N8WtUSXjmcrxo,5,val,782336,781312,0,249480,532856,0.6811088841623036,7.911908461695453
Fg8vNxDcn4oRuG3MZ0d1,3,train,3125248,3124224,0,805220,2320028,0.7423500471002621,7.993534155000886
Fi4uPsNg2TcG95h7JR0d,8,train,122880,121856,0,117044,5836,0.04749348958333333,6.790333444790269
FiHCdZeLuSOWcQBv8yKm,9,train,274432,273408,0,272340,2092,0.007623017723880597,5.795535343531192
Fiq2TudjL5KZAoBScWvJ,7,train,1257472,1256448,0,11084,1246388,0.9911854896172638,3.865215703506781
FmUz8pwNlXgbS7DW5yre,9,train,176128,175104,0,175580,548,0.003111373546511628,6.773118942513261
Fmgw4Qj1asTx0fS6Hvb2,4,test,630784,629760,0,298852,331932,0.5262213372564936,7.952511825378878
Fnda3PuqJT6Ep5vjOWCk,5,val,2326528,2325504,0,66956,2259572,0.971220634352993,7.363765849192518
Fo3l7eAEM4XDmKyIV9tj,2,train,3911680,3910656,0,3903136,8544,0.0021842277486910995,5.271143172217393
FqEZWbA3xlSf178hYjMn,4,train,217088,216064,0,119624,97464,0.44896079009433965,7.9501559595184395
FsirpP0oDwXeAzC2KndG,5,train,376832,375808,0,276432,100400,0.26643172554347827,7.5959694679810665
Fw2DKBfl05J4xkoArtU3,4,train,643072,642048,0,299976,343096,0.5335265724522293,7.99233658635012
G1VDCsLj3X8FTW2yzgO0,3,train,2342912,2341888,0,851300,1491612,0.636648751638986,7.984160666488679
GBUMvuwR3QHfLSipOohk,6,train,200704,199680,0,186996,13708,0.06829958545918367,7.9559112100313625
GBi3fRHvLPWz5kStU8hu,2,train,1871872,1870848,0,1857712,14160,0.007564619803063458,6.418175294744672
GBpWNc6frYvmq57wyxgX,4,val,241664,240640,0,150364,91300,0.3777972722457627,7.861231897239289
GEfcnxDQbBIuid5UrMoy,1,val,118784,117760,0,107432,11352,0.09556842672413793,7.188340850852098
GEs5ryOXjLYVdAM7qK8z,6,train,585728,584704,0,572988,12740,0.021750710227272728,6.7664197641457875
GHfp03Ls1VE2bjXulTqZ,8,train,126976,125952,0,117968,9008,0.07094254032258064,7.0659539985259965
GHwiU2dzIQBjApR8Kfhn,2,train,49152,48128,0,41204,7948,0.16170247395833334,6.324289467970864
GHyIqK3kbD7SvBftzaYo,4,train,671744,670720,0,279520,392224,0.5838891006097561,7.979933984556478
GKE3r56OmluVYqIZQihx,3,train,3125248,3124224,0,1606500,1518748,0.48596079415137616,7.993967515403179
GQjf5BRNoHmXzt91hb0L,1,train,131072,130048,0,130712,360,0.00274658203125,6.536929388956534
GU32g0fBF91xp7JqNXHY,2,train,3280896,3279872,0,3273484,7412,0.0022591389669163547,5.50128898983105
GV7WShk4vjpiKqbEBgsr,4,train,176128,175104,0,103760,72368,0.4108829941860465,7.92848485673008
GVeSwJETaiBybNsg87xC,3,val,2342912,2341888,0,852836,1490076,0.6359931572333916,7.982548395485498
GXFP0dYvns5NoQtIBECf,6,val,282624,281600,0,277488,5136,0.018172554347826088,7.997486281701567
GXteK0J692hS4YnpNzWu,6,train,835584,834560,0,809320,26264,0.03143190870098039,6.693056683132099
GbC6TFsQUBoX9irS8nMa,2,test,155648,154624,0,137096,18552,0.11919202302631579,6.795936641843264
GbTUXFYkMoafQSe1zN94,5,val,1200128,1199104,0,281348,918780,0.7655683393771331,7.8490383503026875
GewamPurl6D0Fs3zvbon,4,val,188416,187392,0,103792,84624,0.44913383152173914,7.91892435658824
GkMBlvTidr5oyYOVJCwc,5,test,1560576,1559552,0,263640,1296936,0.8310623769685039,7.853170691036811
GmH1ULjobZKMkcVRyqQs,8,val,327680,326656,0,97712,229968,0.701806640625,5.921394543413532
GpdqLhNUiH9tZn5zxTEg,7,train,1462272,1461248,0,11084,1451188,0.9924200148809523,4.054973149911785
GxK7nfY1mOrBNDepqWj6,4,train,159744,158720,0,102268,57476,0.3598006810897436,7.844614388950461
Gxk6Z5edAo4tUgFD9OsR,3,test,2342912,2341888,0,852324,1490588,0.6362116887019231,7.982307572721002
GxlJVp3SyrY5vKOd9QgR,9,train,634880,633856,0,171620,463260,0.7296811995967742,6.867382585707206
H24gZfhreXtDJMjo1ISx,7,train,1388544,1387520,0,11084,1377460,0.9920175377949852,5.4874295564000235
H6Vad3u8gEOPbwveYCrF,7,train,1462272,1461248,0,11084,1451188,0.9924200148809523,4.812398568067282
H8dnb7uFRMm01jqDYWC3,1,train,266240,265216,0,233060,33180,0.12462439903846154,7.127280572709466
H95BXlwhOQPirqy4YoRn,6,train,200704,199680,0,178936,21768,0.10845822704081633,6.579451020539281
HJt1Mc578nYFBDdKNkVu,8,train,122880,121856,0,117044,5836,0.04749348958333333,6.807849800806659
HKD6kbY482MvpV9saOhi,6,val,561152,560128,0,542320,18832,0.033559534671532845,7.9770224035598
HLpXtJWqcKPYl3bdQzEG,8,train,126976,125952,0,117968,9008,0.07094254032258064,6.997288456148951
HPONF4CalK7MzhrRtewg,3,test,2342912,2341888,0,792420,1550492,0.6617798705201049,7.997070547090612
HQYDIEBFLi8hM6RP5kWw,1,test,1806336,1805312,0,1648544,157792,0.0873547335600907,6.365399809698657
HRE9TjDJgZl6LcuV7yKn,2,test,1843200,1842176,0,1834740,8460,0.00458984375,5.57901352940461
HRL1PvrNMO70Gojpsexf,2,train,1650688,1649664,0,1641648,9040,0.005476504342431762,6.166857235616458
HRabWnUoX7zv8h16F3Q2,3,test,2342912,2341888,0,851300,1491612,0.636648751638986,7.98249776080838
HT1oyBYIg87K2kPuaqEZ,1,val,417792,416768,0,416296,1496,0.0035807291666666665,6.580829287790319
HYXoC7FRisqWgwP0EjLK,9,train,196608,195584,0,192120,4488,0.0228271484375,5.547746198637288
HZI8SimVhNLz1JD5fbyW,9,train,167936,166912,0,167684,252,0.0015005716463414634,6.557201309777188
HaxgVnrql4bk7FEot9Sm,7,train,1261568,1260544,0,1232068,29500,0.023383598823051948,6.284750082279896
Hc5LqZVK2yzlsb8BEfdO,5,train,2166784,2165760,0,268464,1898320,0.8761002481096408,7.8635987161433905
HeJ3ZCW4yLRrdktsnKo1,4,train,176128,175104,0,108900,67228,0.38169967296511625,7.90117528338093
HeSRou1ZPv5rNK2Wnzmx,7,train,1245184,1244160,0,6476,1238708,0.994799162212171,5.051254030309435
HgoVMZFR7racUO2EA4tI,9,train,176128,175104,0,175780,348,0.0019758357558139535,6.675980591440241
HiXUclzIL2rEutjB74Nm,7,val,1470464,1469440,0,11084,1459380,0.9924622432103064,4.834563432404041
HipXT3fGelugcbwKmkCv,1,train,159744,158720,0,134948,24796,0.15522335737179488,7.236155239948353
HlRnpWyuP37okUqjdhC2,3,train,2342912,2341888,0,852836,1490076,0.6359931572333916,7.98300921829286
HlhIyxPo0Ozd9eSkw7RY,3,train,2347008,2345984,0,850788,1496220,0.637501022578534,7.982601421767685
HnCIJEd3foNTBUtSv7wK,6,train,200704,199680,0,179824,20880,0.10403380102040816,6.586595181115911
HpMdj30s7EDPkiFLWvYy,4,train,241664,240640,0,143328,98336,0.4069120762711864,7.891711507152506
HqX48iTlfj6goR3JFWwG,8,train,122880,121856,0,115908,6972,0.05673828125,6.7405377672035085
HwOsZC4B8VSEXoa5WyqG,7,train,1245184,1244160,0,10568,1234616,0.9915129009046053,5.0182993413583645
Hy8L53hUREkZMs1PnlSY,8,train,122880,121856,0,117044,5836,0.04749348958333333,6.784731212379644
Hz8NEvBRqL31AdfQgmFn,1,train,172032,171008,0,171984,48,0.00027901785714285713,7.69978986260085
HzGMQNh0jB814iA5DbYI,7,train,1257472,1256448,0,11084,1246388,0.9911854896172638,3.6288809406711917
HzjUnQe2LAZmiT6EhGgo,8,train,122880,121856,0,118508,4372,0.03557942708333333,7.133855289591473
HzvWS4IuPE9idXmlgOAw,2,val,188416,187392,0,171044,17372,0.09220023777173914,6.674512764373523
I0hLEDxSFoykrw9Me8Yq,2,train,1970176,1969152,0,1956028,14148,0.00718108432952183,6.282777976758829
I2ZH0sW5hT4aDKwo9gR3,2,train,2580480,2579456,0,2570840,9640,0.0037357390873015875,5.253881929732325
I7LJAB2rbs1XKMYVmvdx,6,train,262144,261120,0,102824,159320,0.607757568359375,6.445839388935482
I7uOWp8RalsZHt4mb59h,3,val,2347008,2345984,0,853860,1493148,0.6361921220549738,7.979289663578298
I8qMJAXkFsO9CQzxvjK4,1,train,176128,175104,0,172212,3916,0.022233829941860465,6.824210172297468
I908mGcdwzlf6oS3QOFT,6,train,538112,537088,0,528172,9940,0.018471990960989535,6.812401519298824
I9yrDjPY4kMqU8czFRmv,6,test,512000,510976,0,492628,19372,0.0378359375,6.68448769344314
I9zqNg8Bj7RECDreiUX4,7,train,1462272,1461248,0,11084,1451188,0.9924200148809523,5.240230448182121
IHimG98vhtXQ0DF24r6O,3,train,2347008,2345984,0,850788,1496220,0.637501022578534,7.98249549922592
ILTHy6snFQiapuxbXS7R,4,train,114005,112981,0,114005,0,0.0,7.90403027962507
IOPgsKcr8nwu3kaW5HUM,9,val,204800,203776,0,203756,1044,0.00509765625,5.490022032977116
IPtWyJAjkcHm1dgaQr7f,8,train,348160,347136,0,118480,229680,0.6596966911764706,5.764956507366813
IPtfXUCL4eJc7xsOjv1i,2,train,1642496,1641472,0,1635488,7008,0.004266677057356608,5.611279853236248
IQuKqwWjoiG301AeblVD,3,train,3125248,3124224,0,805220,2320028,0.7423500471002621,7.993590079609703
ITPGq9AXn4EZKmYeFpuB,2,train,2322432,2321408,0,2309312,13120,0.005649250440917107,4.777317236491379
IUVTHk0fbcLtrx91MeRh,9,train,258048,257024,0,255304,2744,0.010633680555555556,5.936952830519623
IVk2Scu69wdmQ7tEO8rY,4,test,180224,179200,0,111960,68264,0.37877308238636365,7.859185383517487
IYFTBN6LCn7SEQgbPOaU,3,train,2347008,2345984,0,853860,1493148,0.6361921220549738,7.978225293393046
IbALBFiNrcgEW0h3Ow9k,9,test,241664,240640,0,237596,4068,0.016833289194915255,5.855106612217877
IeNRm6SYBKxiWPsETau4,8,train,122880,121856,0,115908,6972,0.05673828125,6.731894774613352
IeSLbp1rGWqQAvPX3T2j,7,train,473984,472960,0,473984,0,0.0,7.999368711531624
Iec3SYD4Gimhob1xQ7sV,8,train,274432,273408,0,138048,136384,0.49696828358208955,7.416525999296214
Ig7mTKfQJ13ap9xriVjM,2,train,1912832,1911808,0,1902456,10376,0.005424417826552463,4.9320624614080595
Ig9ZEaGmMrT1lHJhRPQx,6,train,557056,556032,0,556868,188,0.00033748851102941176,6.946657178915801
InKeBl2Tt1Oy0qaLWXRg,7,train,1519616,1518592,0,1514231,5385,0.003543658397911051,4.344881766973573
InV3KRNESFBqMHUDabGw,6,val,233472,232448,0,233264,208,0.0008908991228070175,6.819058349733055
IndbLEkgMT0ZXa7DS4YH,3,train,3125248,3124224,0,1605476,1519772,0.48628844814875494,7.994572380853356
Ip4oy5W8U1FbGrDnPajq,2,train,356352,355328,0,337440,18912,0.05307112068965517,5.924847209497579
Iq6zLDfSXargmVQAZbHl,6,test,679936,678912,0,316944,362992,0.5338620105421686,7.957629974974157
IsSfM9LGyi5c8uP3p7hJ,2,test,3162112,3161088,0,3152728,9384,0.0029676368199481867,5.679504193845484
IwNUoFX01y2aBL9ZmObh,4,train,192512,191488,0,103380,89132,0.46299451462765956,7.96703224112094
IweQoKz4HxGc8mAETNpM,8,val,126976,125952,0,117968,9008,0.07094254032258064,7.123628835412143
IwgDdxrbUkiXpfAMy6J1,2,val,2613248,2612224,0,2602888,10360,0.0039644151645768025,4.448071638730496
IwgVeC9qRbUkfE6Q3HTh,7,val,707688,706664,0,707688,0,0.0,7.7444632598700816
Iyjk3mOQfLnRTSqzdCJ1,7,train,1245184,1244160,0,6476,1238708,0.994799162212171,4.919678922073164
IyjtB6DFWvnTYw1E934Q,7,train,1388544,1387520,0,11084,1377460,0.9920175377949852,4.347080217768752
J0fY3O5lUmuNqVPBDRKn,4,test,208896,207872,0,114520,94376,0.4517846200980392,7.904212140558329
J3yrHmKZTv5tpBlExFkh,3,train,3125248,3124224,0,1605476,1519772,0.48628844814875494,7.994617923156278
J9BpcFqysLwr0YHeNt2o,4,train,241664,240640,0,137184,104480,0.4323358050847458,7.886602661222086
J9es05NzjWripUYxb1tq,6,train,573440,572416,0,541548,31892,0.055615234375,7.52353073731729
JAB5De4OMltSf6IKHo3Q,4,train,192512,191488,0,101860,90652,0.4708901263297872,7.91625384304016
JFWPGhyoASRaxQ4Tb0md,8,train,126976,125952,0,116904,10072,0.07932207661290322,6.792221841800954
JISwfuZgpX0PHTceqGCA,8,train,126976,125952,0,117968,9008,0.07094254032258064,6.73070342259836
JMngbfY3PC5WkjA2iSvH,1,train,167936,166912,0,138588,29348,0.17475705030487804,7.133389482528622
JO2iskzUlBVGj6Y4PEZc,3,train,2342912,2341888,0,850788,1492124,0.6368672831075175,7.982953158915489
JOaTGd7Pb2ekRXMHu06S,3,train,2342912,2341888,0,806756,1536156,0.6556609894012237,7.991818929232721
JRgoPbLy2GVQzsUdKmkj,1,test,364544,363520,0,347172,17372,0.04765405547752809,6.447406743199491
JTAoQ9miHalVeE63PdBU,7,val,1388544,1387520,0,11084,1377460,0.9920175377949852,3.889090885399849
JUO3pfywZnC4e9xHLBMA,2,train,2912256,2911232,0,2905748,6508,0.002234693653305204,5.84851624464688
JVxhvaMDsj4PYBelFwOu,3,train,2342912,2341888,0,852836,1490076,0.6359931572333916,7.982228411331434
Jd1mD8obKMOwqBgXjRut,2,train,2269184,2268160,0,2263636,5548,0.0024449317463898917,5.391262259182481
JeR146WPmlVnxKvQAESb,4,test,241664,240640,0,146780,94884,0.392627780720339,7.907181683371911
JfW6FM47u1otlOYUdwbH,9,train,167936,166912,0,167548,388,0.002310403963414634,6.51926219236781
JfaAGUkRVNxCwqdb6sj5,4,train,176128,175104,0,106832,69296,0.39344113372093026,7.943020878121484
JgtDMQ8WuhPiFxBnalL5,8,train,126976,125952,0,117968,9008,0.07094254032258064,7.08612280116419
Jgtyz9OK13M2CYkmZolp,3,test,2342912,2341888,0,852836,1490076,0.6359931572333916,7.982062418137398
JiSOgRmtv7I25DcolYBV,9,test,1331200,1330176,0,1330904,296,0.00022235576923076923,6.454616468659205
JiTOus5PgHU2kIfnw7eG,1,val,344064,343040,0,330652,13412,0.038981119791666664,6.6055589192922515
Jj7eK6AhkmDRB53WSO4P,9,train,1335296,1334272,0,1334912,384,0.00028757668711656444,6.982131478606879
JlYNWgvo2LCkQRV8d74u,9,test,1335296,1334272,0,1334956,340,0.0002546251917177914,6.77345140569405
Jlcr6Ej1P3W04SRGh2Nw,1,val,401408,400384,0,331200,70208,0.17490433673469388,5.351096008897614
JyBvMAZbhIprolF8HNe6,9,train,172032,171008,0,171548,484,0.0028134300595238095,6.216476944076049
JzF18ftmDC3VOLnIAhWP,7,train,1462272,1461248,0,11084,1451188,0.9924200148809523,3.9989124303676715
K05YJpcfyTCU4EdShQI1,6,train,540672,539648,0,525936,14736,0.027254971590909092,7.915332376090179
K18LQkydvn2l5HUxOquT,1,val,172032,171008,0,163416,8616,0.050083705357142856,6.808241075038964
K1MACq57pdQfEsgjclS9,1,train,114688,113664,0,114456,232,0.0020228794642857145,7.122604197874298
K6iRbvqZrJ5h3C4x0mMT,8,val,200704,199680,0,150476,50228,0.2502590880102041,7.556736269105738
K8eq1QCw0xEiuYFAIaHZ,2,train,425984,424960,0,425496,488,0.0011455829326923077,5.225509443860271
KF7NGoQSk8v9OE0nrwy2,9,train,172032,171008,0,171668,364,0.0021158854166666665,6.778926419673661
KGTOj6HAvNqWUcP27bCf,8,train,262144,261120,0,130960,131184,0.50042724609375,5.8356059565431
KcfgCTNF3aMdqJ0jyWSG,6,val,626688,625664,0,616048,10640,0.0169781454248366,7.952219043794426
KfQ58FVTkB9sb1i4u7zH,4,train,113719,112695,0,113719,0,0.0,7.920960022712354
Kfn9jdUWrz5cm03hiu7S,2,train,1758292,1757268,0,1738912,19380,0.011022060044634225,4.9043043690473045
L5MO1uWhDZ2yplTkoRUd,4,test,155648,154624,0,95056,60592,0.3892886513157895,7.905596785996651
LfVY3tPrRZHGQ2SdJm5x,4,val,647168,646144,0,298312,348856,0.5390501384493671,7.96543665346247
a29m3nUocvzC8hBOWkTL,3,val,2342912,2341888,0,806756,1536156,0.6556609894012237,7.992349553836875
a2UF0Vkeh5P74psmiR6v,3,val,2342912,2341888,0,851300,1491612,0.636648751638986,7.98437315969573
a3BszoA7hXZc0EuHjmwi,3,train,2347008,2345984,0,852836,1494172,0.6366284222294939,7.978757609553599
a3UjzHb2mkQxnJdtZsRV,6,val,811008,809984,0,791124,19884,0.02451763731060606,6.685301079249681
a5btWIHhlzjuXiBykZG6,8,train,851968,850944,0,850816,1152,0.0013521634615384615,6.058840909061065
a5n3BtqdsJlZfup90MS7,7,train,1388544,1387520,0,11084,1377460,0.9920175377949852,4.9743447251695425
a6yPugSArOdWK1zQ0c7I,3,train,2342912,2341888,0,792420,1550492,0.6617798705201049,7.996640168366268
a7ugQM5sWX6R4fibeJFj,1,train,1519616,1518592,0,1515124,4492,0.0029560099393530995,5.4865368709197435
a8hZBDrjGiMdtzSklFNV,7,train,1515520,1514496,0,1513193,2327,0.0015354465793918919,4.287309376978635
aFjtGgxzWAseZRiLJK8I,8,val,122880,121856,0,117044,5836,0.04749348958333333,6.857811786020708
aIKU0rgABR7pNQzhZyTu,2,train,2297856,2296832,0,2290932,6924,0.0030132436497326202,5.7498118056004905
aJHlbn3Ueqs5cZQyiKzC,8,val,339968,338944,0,101732,238236,0.7007600715361446,5.486323218530397
aKDbZWFzy9XfPO051nls,6,val,188416,187392,0,188212,204,0.001082710597826087,7.500311167201587
aKH9GvftsjAQzeUwi0bL,3,train,2342912,2341888,0,851300,1491612,0.636648751638986,7.985383495589593
aNRflB3AsYTuZhWHQL4z,4,train,155648,154624,0,97124,58524,0.3760022615131579,7.935223304990279
aPU2SW8Kt5OfDzXZ3YqC,8,val,323584,322560,0,90076,233508,0.7216302412974683,5.16425950357292
aXbDi405xeqQynl69Yk2,7,test,1245184,1244160,0,11080,1234104,0.991101716694079,5.051069890632991
aYvLmPcHznMh8w0uFDkA,4,train,151552,150528,0,78692,72860,0.4807590793918919,7.916762937972886
aZKEkJF7CQtNSDf64d0P,4,train,188416,187392,0,95152,93264,0.4949898097826087,7.8880102314961515
aeYfI1yn7sPiR49EW5xp,8,train,126976,125952,0,118412,8564,0.06744581653225806,7.065895155351922
agqI7DjH6FXER2dNJwVT,8,train,221184,220160,0,212516,8668,0.03918909143518518,6.259370756993302
ahXirbx93wGU1RMfLBCl,2,train,323584,322560,0,304608,18976,0.058643196202531646,6.4933508213338325
ahwFAIPcS3yxg1j02KCJ,9,train,1331200,1330176,0,1330788,412,0.0003094951923076923,6.533021366486447
aiuJTcU5Swlg1LzpFjdV,2,train,2543616,2542592,0,2534584,9032,0.0035508504428341386,5.722299769475974
amGeXDTwCldUsVBHPqkr,8,train,299008,297984,0,298792,216,0.000722388698630137,7.218294908247144
anChwpjZ5qmgWJkcyxiN,2,val,1703936,1702912,0,1692864,11072,0.006497896634615385,6.57224721305566
anNmxI0dCHhXqo6QWYyk,8,test,126976,125952,0,117968,9008,0.07094254032258064,7.1412629051076095
asKPnzUXjShMc0Tl6Wge,5,val,577536,576512,0,254524,323012,0.5592932734929078,7.909155344589627
ax9N5uRm3QvLVoWJnZsA,1,test,229376,228352,0,214408,14968,0.06525530133928571,7.528261270719794
b3EWAzP4jaUevDKZrfqt,6,test,180224,179200,0,167668,12556,0.06966885653409091,6.613592156900827
b59dlNEacoYUAyeR4Ipq,5,test,2318336,2317312,0,37538,2280798,0.9838082141674028,6.713657754801218
b8KgVcy57AWMQtHEqdxo,9,val,864256,863232,0,642552,221704,0.2565258441943128,7.635680655792262
bE9uDl1Fft8AWXGgRVmx,2,train,1213560,1212536,0,1206468,7092,0.005843963215663008,5.226306846762905
bFouR7d8lxgEqsCtMhOj,8,train,126976,125952,0,117968,9008,0.07094254032258064,6.852231199758033
bG4TtEiph3JdyZCNsoz9,4,train,81920,80896,0,65504,16416,0.200390625,7.696825689040084
bGPHZFpAL3N957064wzj,5,test,524288,523264,0,250348,273940,0.5224990844726562,7.904906031305827
bR1ugX49KAGclzFwkJ7j,2,train,1945600,1944576,0,1930428,15172,0.007798108552631579,5.59953711421703
bRKkovBDCAzcZfNJ7LWH,6,train,532480,531456,0,512608,19872,0.03731971153846154,6.647891018742487
bUBIJjfCntiQRvzh416F,1,train,622592,621568,0,579564,43028,0.06911107113486842,6.6885568369742
bZl1kUSLsMrifRo0cnIA,2,train,3907584,3906560,0,3897700,9884,0.0025294401860587,5.372269352599975
bZz2OoQmqx0PdGBhaHKk,7,train,1462272,1461248,0,11084,1451188,0.9924200148809523,5.4284094325478245
bfcBD4vaOtUJG6K5imqx,6,train,237568,236544,0,237364,204,0.0008587015086206896,6.692484262554769
bipFgQ8uwHkO9rnRfWDC,7,test,1462272,1461248,0,11084,1451188,0.9924200148809523,3.8953597780765086
bmX4CguMr18O7DxThdiS,1,train,413696,412672,0,396248,17448,0.042175897277227724,6.815596660825721
br3oAnTeGyDp97XkzCOS,6,val,565248,564224,0,552556,12692,0.022453860960144928,7.955388518069263
btfgZzCVaKSudFc6E79o,3,train,2342912,2341888,0,852836,1490076,0.6359931572333916,7.982277460653108
btnjxGM0mzXWZOys5N2r,9,train,1335296,1334272,0,1334956,340,0.0002546251917177914,6.999777184791229
buBXk0VawKfpYLytPxFj,4,test,630784,629760,0,295752,335032,0.5311358563311688,7.961016817421838
bx3MXBwc0zulDOa1UqN4,6,train,466944,465920,0,466736,208,0.00044544956140350875,2.7129825656105795
bxj8HFNn0cCiAW7GOgzh,3,test,2363392,2362368,0,795492,1567900,0.6634108941724437,7.992495266635636
c1SrgTA3MYaeKktWwOiF,7,train,1462272,1461248,0,11084,1451188,0.9924200148809523,3.9587239519676016
c1VozPdAFBwHfagjWCls,6,test,585728,584704,0,559980,25748,0.043958970716783216,7.453254852033404
c8gbt2qHrVm9z3OyCIkD,3,train,2347008,2345984,0,848740,1498268,0.6383736229275742,7.984606578665633
cDa5BKpzw9GqnArQfZ1L,7,train,1462272,1461248,0,11084,1451188,0.9924200148809523,5.21124638621292
cHGNtfV2oq0UwBWSgA9r,4,train,217088,216064,0,119112,97976,0.45131928066037735,7.909987112606404
cOpJEz3VFlqX7dZDxUYn,2,train,1229820,1228796,0,1216152,13668,0.01111382153485876,6.26578694763583
cP1LKEImqN9zQ5eXpodG,1,train,155648,154624,0,146780,8868,0.056974712171052634,6.9232052505469195
cSI0v76wsFjOKfTJiQgE,2,train,540672,539648,0,540252,420,0.0007768110795454545,5.7009611477108155
cSMXzpQ2q4nCy5UfPBg9,1,train,471040,470016,0,466264,4776,0.010139266304347826,6.898748705308007
cVFaWK1b2dBXCho37sjE,9,train,1331200,1330176,0,1330740,460,0.00034555288461538463,6.992467767850846
cW5hky3FM0QIN8faz4B6,1,train,1216512,1215488,0,1182104,34408,0.028284143518518517,6.684842954638553
cYb4XuNSqOA9IFLHseG1,5,test,573440,572416,0,256004,317436,0.553564453125,7.850641639301717
cdgKHZbChnaLEqFDRjvm,2,train,2207744,2206720,0,2195132,12612,0.005712618854359926,5.9207054659042075
cdlgXf2EV9sOKvn6Dwt1,3,train,2629632,2628608,0,886484,1743148,0.6628866700739875,7.939070784249495
cez31fjVZOP2g0nwD56K,6,train,196608,195584,0,174196,22412,0.11399332682291667,6.5787065969598855
ciaN815k3pWLnQX9oGRU,8,train,749568,748544,0,740328,9240,0.012327100409836065,7.949570457631164
ckaHuew6QN1dhb07q2V3,4,train,135168,134144,0,107488,27680,0.20478219696969696,7.780476989147359
clCOkQxvBKzwWaPZ5RSH,6,train,823296,822272,0,795496,27800,0.033766713308457715,6.695018524439887
cluw4HMDRQ7dhYIojUg6,1,train,880640,879616,0,880596,44,4.9963662790697674e-05,7.457164366611234
cpThD4e6b0CZzSmG5wjy,6,train,520192,519168,0,500836,19356,0.03720933809055118,6.679028024763972
cqhpxUkoCsVYuHJm7K0n,9,train,176128,175104,0,175744,384,0.002180232558139535,6.675385757643751
cqoIY36dhwfDNrnlHJsx,1,train,1183744,1182720,0,316412,867332,0.7327023410467128,6.961084931881649
cuQANt4oBpMzmYKRkGf6,7,train,1462272,1461248,0,11084,1451188,0.9924200148809523,4.8166509422259125
cwLo2p34lqzMiOrT5PAD,9,val,151552,150528,0,131372,20180,0.13315561655405406,7.264428817253934
cwMuz2CjEtOdNiA5h3ya,9,train,1474560,1473536,0,1471372,3188,0.0021620008680555557,5.619541530193766
d4ABW7XyvPzItZuoQ6MT,7,test,1482752,1481728,0,1043844,438908,0.29600904264502764,5.04168880012365
d4MZmSTpJQuP5yh7cl8W,2,val,1205536,1204512,0,1193168,12368,0.010259336925649669,6.169509221233776
d69TJVnLQBqZCIaY2o3E,9,val,1323008,1321984,0,1322588,420,0.0003174583978328173,6.603090931127765
d6Jnl1vc3OWsVPMygQBt,9,train,147456,146432,0,131320,16136,0.10942925347222222,7.2734096818167195
d71upfoW0wskv2lz5O84,9,train,602112,601088,0,600020,2092,0.003474436649659864,5.384883568283178
dAW1p8eljnvTZCgtfYHa,4,test,643072,642048,0,272732,370340,0.5758919685509554,7.990157209956225
dAabnhJ37zorISO68q4l,2,train,651264,650240,0,641568,9696,0.014887971698113208,6.155106838474282
dClSn1heupsZWENJzmxQ,7,train,472100,471076,0,472100,0,0.0,7.9995086495925865
dETSCuIZDapLP9AlJ7o6,9,train,1495040,1494016,0,1493056,1984,0.001327054794520548,5.602720187639642
dFf7OsbJGliBohLWMk58,9,test,217088,216064,0,215648,1440,0.006633254716981132,5.421391458300492
dHQEF0MqiScAT2xoItZY,1,test,151552,150528,0,128364,23188,0.15300358952702703,7.2748650751351445
dHjMq0s9tDrBS6Fp7TuI,1,train,241664,240640,0,240852,812,0.0033600370762711866,7.521976909959772
dI1vM43Nq9uSAlZYCoV2,6,train,196608,195584,0,182900,13708,0.06972249348958333,7.948337508120152
dI8PKFeWtOSqDa9yALYJ,3,train,2347008,2345984,0,853860,1493148,0.6361921220549738,7.978659603415691
dJ326HRzYfn0DZIPhjMv,9,train,151552,150528,0,133892,17660,0.11652766047297297,7.25201016947052
dKSWL08mXFJUc7VfA5YP,1,train,188416,187392,0,162104,26312,0.1396484375,6.531432473284925
dKcE7Q1zuFViSaDRUtxY,5,val,1110016,1108992,0,248484,861532,0.7761437672970479,7.794515945516283
dLuRwUfn04V1ZsDpbvKP,8,test,126976,125952,0,117968,9008,0.07094254032258064,7.077628119229788
dQbqMtOsVYrWDIvh8k2S,9,train,172032,171008,0,171636,396,0.0023018973214285715,6.629947420622272
dVuxtiZLgQ8Na3DFbBlJ,1,test,229376,228352,0,217420,11956,0.0521240234375,7.388442363374933
db03PLecsviEz6TMZCSn,9,train,167936,166912,0,167632,304,0.0018102134146341464,6.471263618166329
dlDuzi87p9eAZtUE4w2G,8,val,126976,125952,0,117968,9008,0.07094254032258064,6.772819683854998
dmHnoVODQABpur6sx7ql,8,test,221184,220160,0,53356,167828,0.7587709780092593,5.146468345794296
dnKrSUxLP8CVasfbuWyl,1,test,159744,158720,0,150980,8764,0.05486278044871795,7.892512339523371
dolHJvDGFs2hk4LIPR65,7,train,1462272,1461248,0,11084,1451188,0.9924200148809523,5.518192296936057
dqXuSezv3IJWonmGFUAp,9,train,86016,84992,0,85708,308,0.0035807291666666665,5.613622472004689
dv4yexuAzXwGUENnBhro,6,train,626688,625664,0,617776,8912,0.01422079248366013,6.962241743218653
dwIXmJU36HYyvpC8hj2n,3,train,2342912,2341888,0,852836,1490076,0.6359931572333916,7.982133327612631
dzValPwcOHZhJISqyp8T,7,train,1245184,1244160,0,6476,1238708,0.994799162212171,4.882915462294188
e1RMvSd83AgaCQY4PT2u,1,train,221184,220160,0,220612,572,0.002586082175925926,7.480887050095246
e2r6IncxE1LQOKFGgphj,5,train,1761280,1760256,0,267692,1493588,0.848012808866279,7.860725099479293
e56nIVoiTlkJhuYb1pNy,2,val,1205912,1204888,0,1194804,11108,0.00921128573229224,6.159540821653848
e6woXQkDrjFVxIuOtdfh,1,train,2097152,2096128,0,2077976,19176,0.009143829345703125,7.3760439419208765
e7FhuKwUW8LfMA2bxEDl,4,train,638976,637952,0,275804,363172,0.5683656350160257,7.988265083429421
e7JZ2kUbKHzhfpMRctqE,4,test,643072,642048,0,306144,336928,0.5239351114649682,7.989398757019342
e8V74pOXQdNYs1HcTaIi,2,test,458752,457728,0,440740,18012,0.03926304408482143,6.372461879900625
eECbifLAG9D1S8tMyIQY,2,test,2535424,2534400,0,2523912,11512,0.00454046344911147,4.442355279693247
eFK1IWckUmuM3oCAjON0,9,test,1474560,1473536,0,1472736,1824,0.0012369791666666666,5.6371018354780125
eHjL4QC8MPTkhdqtZaDV,9,train,204800,203776,0,203528,1272,0.0062109375,5.436496961734896
ePCwhpaOtzJHT4QMBsXZ,4,train,180224,179200,0,113504,66720,0.3702059659090909,7.869638550867109
eR5NruTbULqhYVFmt39d,8,train,303104,302080,0,72900,230204,0.7594884923986487,5.033486608098983
ec08aukvwVXn76Fg1RBA,8,test,122880,121856,0,117044,5836,0.04749348958333333,7.145849243614095
egpf3iObh8MlAmqzRDPu,9,train,176128,175104,0,175740,388,0.0022029433139534884,6.426163470596224
ei0C84XpoqcAS6v5ZExI,5,test,663552,662528,0,263180,400372,0.6033769772376543,7.860159416138649
epLciPaHrTu1gl4CW7Uf,5,train,1146880,1145856,0,251192,895688,0.7809779575892857,7.8137863569150525
etGodBiH4V2DKrbMjx0S,6,val,163840,162816,0,163636,204,0.0012451171875,7.5952418613201225
eu3NlqHJxfOcWkZIR87P,3,train,3125248,3124224,0,1603428,1521820,0.48694375614351243,7.994897792072753
ew25jRNd81oLryHW4ZVI,4,train,77824,76800,0,62920,14904,0.19150904605263158,7.682389721872639
f25CLhEsZYBuOwvoTjz0,4,train,237568,236544,0,140256,97312,0.4096174568965517,7.968761451773581
f2Vh4qUzD0ntxRFEJaMW,3,val,2342912,2341888,0,851300,1491612,0.636648751638986,7.982364749239799
f2n3OzR8yBvu5ScmNQeP,6,train,184320,183296,0,31124,153196,0.8311414930555555,6.375333827176432
f3Cmly2RMnFq57Yis891,2,train,1201464,1200440,0,1188564,12900,0.01073690098080342,6.268877107484543
f3QCengcsa0o7KlZyX1r,4,train,217088,216064,0,118104,98984,0.4559625589622642,7.921820510159598
f4BqH0J1xLkYKI3TEQWm,7,train,700096,699072,0,700096,0,0.0,7.7441510402993154
f7L3tzZJEbS52NTgoX9l,6,train,1732608,1731584,0,564292,1168316,0.674310634604019,7.95993041533567
fEQ8cAhmuURVLoBlYOsj,2,train,2072576,2071552,0,2065136,7440,0.003589735671936759,4.138443598907786
fEsMVSGolZeiqgz1pPKy,3,val,2347008,2345984,0,850788,1496220,0.637501022578534,7.982303270464927
fJNIFnjPxKEvHemRBYsg,4,train,208896,207872,0,96584,112312,0.5376455269607843,7.914148020458082
fN4v3lq5W7BPzAwTDisj,8,train,126976,125952,0,117968,9008,0.07094254032258064,6.854877070992646
fUX42V0cAKtij9IHrE6N,6,train,581632,580608,0,565868,15764,0.027103047975352113,7.956194097586544
fV4XIAyj1ChBxwFoiruR,7,test,1462272,1461248,0,11084,1451188,0.9924200148809523,3.7508204510223946
fcVO1MyZnTIkNCaUEF8e,9,val,249856,248832,0,247216,2640,0.010566086065573771,5.721161214310643
fdKU92Heigr1xALlFTkS,6,test,417792,416768,0,407664,10128,0.02424172794117647,7.981773519248298
fdrMk83KcW97TIizZXCF,1,train,278528,277504,0,242704,35824,0.12861902573529413,6.9355142562474255
fg2tzH9vWwYIsKEDjxJ3,1,train,282624,281600,0,269348,13276,0.046974071557971016,7.431004008061162
foWjCIUpHk4tEruJlBGc,7,test,1462272,1461248,0,11084,1451188,0.9924200148809523,5.286472838253497
fs9oYJKeZ4BzXSlIWy3E,1,val,131072,130048,0,120608,10464,0.079833984375,7.363579673157414
ft5WBShKzCA80vTxlXEa,6,train,270336,269312,0,258676,11660,0.043131510416666664,7.8648676428692745
furjbFsqkwKzaNxB3RDL,6,test,212992,211968,0,212868,124,0.0005821814903846154,7.944774323705685
fvbowPJXxAKQsVt7MiRL,9,train,843776,842752,0,827660,16116,0.01909985588592233,7.331418333715353
fyH8oWql4rg7tEJSLpIB,5,train,532480,531456,0,262236,270244,0.50751953125,7.919014087901381
g1lGzN3S8fPhx96QVbE7,9,train,897024,896000,0,671220,225804,0.2517257063356164,7.673591897719602
g2pvrdbPVLKz408xBXef,1,train,266240,265216,0,265196,1044,0.003921274038461538,6.660568848725129
g46jFCHzY1oqtws0yxO5,9,train,176128,175104,0,175772,356,0.0020212572674418606,6.716510391472862
g7qEpdzW3mhFL1Tf0kHV,8,train,122880,121856,0,117044,5836,0.04749348958333333,7.078843068537208
gAdFOfVQUxbq738orWZC,8,train,266240,265216,0,151752,114488,0.43001802884615387,4.8439194159520005
gAyPsqEjndt4xoGc2J9Z,9,test,163840,162816,0,163504,336,0.00205078125,6.59460060782007
gDsZ7RCYM6vW0VT9ENzl,7,test,1507328,1506304,0,1059496,447832,0.2971032184103261,5.08242703847972
gFNGYSsVAOx58JEI0laR,8,train,262144,261120,0,130984,131160,0.500335693359375,5.821495803862778
gGPBDhr24EI875LfTNXV,4,train,671744,670720,0,278496,393248,0.5854134908536586,7.982454692364312
gGfFjZ8Xab24eQ6zADN1,9,train,200704,199680,0,199224,1480,0.007374043367346939,5.512747217827234
gNOcktmwv3FMZ4TH02EJ,6,train,200704,199680,0,143144,57560,0.2867904974489796,7.737734451946858
gP2lDJxn9mFV5U0dujbs,4,train,65536,64512,0,47972,17564,0.26800537109375,7.650229666323702
gPLn7w2aJz05DbrjfFVx,9,train,229376,228352,0,224896,4480,0.01953125,5.629656617069964
gPz42XwWbl7JVAQytYxT,6,train,573440,572416,0,557168,16272,0.02837611607142857,7.941245567317267
gQYxTl9UmRDKqIMBkOV5,7,train,1462272,1461248,0,11084,1451188,0.9924200148809523,4.828724372069009
gX5Wqr9ojRFtSmYvHiPQ,3,val,2342912,2341888,0,853860,1489052,0.6355560942963286,7.978762992722521
gZx3mKdoY91baiu7PfDU,1,test,581632,580608,0,560632,21000,0.0361053036971831,7.16993784139254
gchAJP4keCm0fiXr1tDn,3,train,2347008,2345984,0,849764,1497244,0.6379373227530541,7.97935586409931
gdoH4F675iWmYCT2OrnZ,8,train,126976,125952,0,117968,9008,0.07094254032258064,6.7370707203937545
gdpCryb5PsOv4TzWcLHQ,2,train,176128,175104,0,157036,19092,0.1083984375,6.713103348775732
gelhQLoiRE0HZTOI2fYv,7,train,1462272,1461248,0,11084,1451188,0.9924200148809523,4.774975839723103
gi5zQqk4cp7mXnHfSTbP,4,train,643072,642048,0,276824,366248,0.5695287619426752,7.986133448537171
gnJEALKUuqpMFItHRVzy,1,train,143360,142336,0,132892,10468,0.07301897321428572,7.044354464706357
gnfdqj5h8rkxUDzJ4obe,1,train,581632,580608,0,579808,1824,0.0031360035211267607,6.457920514270162
gpsAGrcBhjxJaoL7NqYT,8,train,126976,125952,0,117968,9008,0.07094254032258064,6.731218722637101
grm1u5UkAvVC8obIKqi7,8,train,126976,125952,0,117968,9008,0.07094254032258064,7.085262555972526
gtoDIM0zURwQ6ZdLx1JN,8,val,368640,367616,0,138564,230076,0.62412109375,5.312922736430199
guPdKvCA0cw9iN8yzbQM,1,train,176128,175104,0,171772,4356,0.02473201308139535,6.985715191462451
guSsk0jAbhJXcxPnHGQO,3,train,2342912,2341888,0,851812,1491100,0.6364302201704546,7.984512699746842
gwf3X024hVvFkxIZB9DP,6,train,163840,162816,0,163636,204,0.0012451171875,7.557648081508654
gx5Miok2A1LDbOWNpUHn,1,val,143360,142336,0,121136,22224,0.15502232142857142,7.273479079544087
h0IeuHBPEixRnNKVyOYq,2,train,1201496,1200472,0,1189588,11908,0.00991097764786566,6.110325876728533
h0RSAT7iEZH4lOQv3NtW,9,train,176128,175104,0,175720,408,0.002316497093023256,6.667391735606243
h2ygf7Vv1zkIe6q5lTnZ,9,val,163840,162816,0,163380,460,0.0028076171875,6.355998854785756
hFAlObnD1iHQTdgMGBY2,9,val,1331200,1330176,0,1330776,424,0.00031850961538461536,6.73275573505776
hIDK0p1PAiJdL87CzG69,8,train,126976,125952,0,117968,9008,0.07094254032258064,6.780275335584788
hJUKWFN7TtXmZgqL9kM1,6,train,172032,171008,0,110020,62012,0.36046781994047616,7.8110497865286765
hQHmEatGNbUWysPJ2TKe,8,train,126976,125952,0,117968,9008,0.07094254032258064,6.783594590849677
hS1lyzcapZusPmKUv34W,8,val,809865,808841,0,809865,0,0.0,7.998873041841836
hSvEjCqKdFGUgplHiX3s,1,test,880640,879616,0,870852,9788,0.011114643895348837,6.966363718777282
hTvkHcPfw8pLuUA2S53z,7,test,1245184,1244160,0,12104,1233080,0.9902793482730263,4.564709699636897
hbrnNtGHS4K8QFIy9jd5,8,val,126976,125952,0,118412,8564,0.06744581653225806,7.07541630616992
hmFl23Vv8AQq74sLiuIz,1,val,249856,248832,0,241324,8532,0.034147669057377046,6.994310595735545
hnSlVLa5IfiuctNwsmOd,8,test,126976,125952,0,117968,9008,0.07094254032258064,7.07128529416949
hrB8P7K0OmVQEJz2AqSD,2,train,2543616,2542592,0,2532520,11096,0.004362293679549115,4.536239174758441
hrguW0CqMt2mJdfvX8IB,5,train,573440,572416,0,92676,480764,0.8383858816964286,7.5993711595966875
hwxS01rbZ96nIgmUPMLN,6,train,1044480,1043456,0,1030772,13708,0.013124234068627451,6.767191365086928
hxza7D1ItdKu3bNUXRly,9,train,245760,244736,0,243844,1916,0.007796223958333333,5.678764982256553
hy06iTwRapYMkPnmo17u,1,val,335872,334848,0,331172,4700,0.013993426067073171,6.566480375882523
i0nhIRJcsq6BQCpmNVlj,7,test,1462272,1461248,0,11084,1451188,0.9924200148809523,5.241962102390925
i2zSbNFKQtwAYH8n7Cfx,3,train,3125248,3124224,0,1605476,1519772,0.48628844814875494,7.994803024133687
i3HsbL1OXJ2qTQPY9Cto,3,test,2342912,2341888,0,807268,1535644,0.6554424579326923,7.9920108111946115
i7CLX9fEoxgIDnrS2Kt6,6,test,344064,343040,0,329844,14220,0.04132952008928571,7.979283965638571
i8WIr0dtVHSGMmwFlcUY,5,val,737280,736256,0,259292,477988,0.6483127170138889,7.8997659724192335
iAFZ8be3gGIJcK9uHwEy,4,test,630784,629760,0,298312,332472,0.5270774147727273,7.956519558141476
iG2A63TItNdQ1XZyuLas,3,train,2342912,2341888,0,852836,1490076,0.6359931572333916,7.9829013350897835
iLBzkjmPncOKs7f4FDv3,7,train,1462272,1461248,0,11084,1451188,0.9924200148809523,5.154082615366088
iLj1Bfr4dYOp5RsoZmk8,9,train,241664,240640,0,239776,1888,0.0078125,5.43818302467178
iNqCDB2ehnPTloQJyWbU,1,train,163840,162816,0,156860,6980,0.0426025390625,6.900642486198591
iOgu76c1IdGrQeRDTlPw,9,train,1511424,1510400,0,1509624,1800,0.0011909298780487805,5.617857293715415
iRDBIyTSNfnr93j864dc,3,train,2342912,2341888,0,851300,1491612,0.636648751638986,7.984664692723333
iSDOzmncxkoV39KgPQLy,3,train,2342912,2341888,0,806756,1536156,0.6556609894012237,7.991708638752339
iUzHpeNq2fWxC9j6OvYK,6,train,155648,154624,0,141556,14092,0.09053762335526316,6.531968719150626
iXQAH6xIYeLSlCfdmWbR,7,val,1462272,1461248,0,11084,1451188,0.9924200148809523,5.081115816427358
icRPzo1apvBleNOfSXq2,9,train,1331200,1330176,0,1330816,384,0.0002884615384615385,6.455874780957311
idNxFM4agPHCkKzbr2Zh,8,test,126976,125952,0,117968,9008,0.07094254032258064,6.782520922412148
idQxka9c57Il1oBzjsgC,3,test,2342912,2341888,0,792420,1550492,0.6617798705201049,7.996990941897912
idjesBrKybwkzPXMalUL,5,train,2314240,2313216,0,265692,2048548,0.8851925470132743,7.876370867019226
ieUqYbvXQJhLB4NDm097,3,val,2347008,2345984,0,848740,1498268,0.6383736229275742,7.984428326679467
ijsudn60LwGlgaIJYV5S,9,train,172032,171008,0,171684,348,0.0020228794642857145,6.753430109125853
ilxt65RehXQoDvTzdFLk,1,train,335872,334848,0,335024,848,0.0025247713414634147,6.918203687914842
iouyxgUJX7pjI1LBTSDF,9,test,208896,207872,0,206984,1912,0.009152879901960785,5.506490059217313
iowRTFnvHWejpr4aU3b5,8,test,315392,314368,0,85820,229572,0.7278941761363636,5.137455188867524
ira26FLCvbOlw4jy1mB0,3,val,2342912,2341888,0,792420,1550492,0.6617798705201049,7.997001151775327
isqLdxNQRBISP20C98A4,6,test,155648,154624,0,155440,208,0.0013363486842105264,6.228243591658893
ivhYSt0cMuU8bwy5zxAe,1,test,389120,388096,0,384344,4776,0.012273848684210527,7.092439791714679
ixTICoNORELUk9wlpGa0,6,train,462848,461824,0,449136,13712,0.029625276548672565,7.982939720633874
iympuaSrqvjfogKZcB7M,2,val,204800,203776,0,185876,18924,0.09240234375,6.455747640440583
j2gBF09pxTcfIPy4kwJH,4,train,192512,191488,0,101348,91164,0.47354970079787234,7.936096680191015
jCyKgqf4SF3UD1HIYJBO,8,train,303104,302080,0,72600,230504,0.7604782516891891,5.18575357664895
jDJ2lpYeC6OLvPqWGIsa,7,train,1257472,1256448,0,11084,1246388,0.9911854896172638,5.168845757105586
jK9SZWNRLUAhvt8o5Ycx,8,train,315392,314368,0,84852,230540,0.730963372564935,5.336831038310094
jKOP7rSszpF6dhNHQfua,7,val,1462272,1461248,0,11084,1451188,0.9924200148809523,4.718467811902423
jNUWxT9ZE3AzQHJcflRg,8,train,122880,121856,0,117044,5836,0.04749348958333333,6.789012400296545
jOZMUJF5waGhqLQbWsYz,4,test,73728,72704,0,57800,15928,0.2160373263888889,7.8733224308202665
jPwdh0NtUaR9T4MIWcuE,7,train,1245184,1244160,0,6476,1238708,0.994799162212171,5.032512399374523
jQFsKBUnJC8qGSx34M1f,6,test,593920,592896,0,567684,26236,0.044174299568965514,7.45949579111158
jTgCQwsHRJMLbVrZYxe3,7,train,1507328,1506304,0,1504842,2486,0.001649276069972826,4.11523759963659
jTgF9SKzb8qxdsC6NnmY,9,train,172032,171008,0,171572,460,0.002673921130952381,6.622712341305545
jUMquAi2SlGwP5bv6tWg,3,train,2342912,2341888,0,851300,1491612,0.636648751638986,7.985534847269036
jV8cSxM45pXgW7JPo6qt,4,val,221184,220160,0,122192,98992,0.44755497685185186,7.911518212505292
jW1wp9ARJTiFdD58l6V7,3,val,2342912,2341888,0,851300,1491612,0.636648751638986,7.985168436319615
jWN2deuOSfDhU4cR6XVA,7,train,1257472,1256448,0,11084,1246388,0.9911854896172638,4.4230862921193514
jbFcZuLt8zmiJQAORP0p,8,test,122880,121856,0,117044,5836,0.04749348958333333,7.145715258564771
jmPeQlFEcqyRuVwrJTvp,7,train,1462272,1461248,0,11084,1451188,0.9924200148809523,3.965265997963826
joxy4nGdLbYR187qJMAN,1,train,204800,203776,0,204264,536,0.0026171875,7.259607429890262
jtEkniTysxuqG6DhAX57,3,train,2342912,2341888,0,852836,1490076,0.6359931572333916,7.982171086767935
jv916D4YpO5LHJVWlCna,6,train,704512,703488,0,691956,12556,0.017822265625,6.764420304542048
jwSaizlJICMDZyYkH3FG,3,val,2342912,2341888,0,852836,1490076,0.6359931572333916,7.9820850444425755
jwgxPFMNGtXKTYkio0rI,9,train,1331200,1330176,0,1330756,444,0.0003335336538461538,6.970322276240556
jxgaANiB20rR4UuSveCs,8,train,483328,482304,0,466704,16624,0.03439486228813559,7.491823521354628
k9xRmJIPX3h68arYZ5Hj,1,train,163840,162816,0,163492,348,0.0021240234375,6.648857881130687
kAtomObScfxVW1DKXUla,9,val,1474560,1473536,0,1472840,1720,0.0011664496527777778,5.615856305929379
kBZbta9T1vy8PnhW7f64,2,test,225280,224256,0,208404,16876,0.07491122159090909,6.396977066153811
kBdDKj9W1rQPpoHmetaG,8,train,372736,371712,0,143264,229472,0.6156421703296703,4.55063479087545
kFyYOLBqi72sHKA08vDm,8,train,217088,216064,0,126860,90228,0.4156286851415094,5.343691353353182
kGITL4OJxYMWEQ1bKBiP,9,val,872448,871424,0,650728,221720,0.2541354900234742,7.673011097552037
kJ1a9c6NoCv4DqA7Hh8R,4,train,192512,191488,0,101348,91164,0.47354970079787234,7.9147599590090065
kLaYBGOTINF3t5HvqJmA,7,train,1245184,1244160,0,6476,1238708,0.994799162212171,4.9346062793548935
kMDrx5LS2P864CIwNiVs,7,train,1257472,1256448,0,11084,1246388,0.9911854896172638,4.638899219468571
kN2FUugrtwA3nhWd7bBT,7,val,1462272,1461248,0,11084,1451188,0.9924200148809523,3.8935692942056646
kS8dLUGCRbajYvJZyDPe,4,test,241664,240640,0,146300,95364,0.3946140095338983,7.8905856885874135
kcAwuM18pnvfbgIos570,8,train,188416,187392,0,180596,7820,0.04150390625,7.559252123314068
kczYF5vSxW3ZrilfJesd,4,train,217088,216064,0,113504,103584,0.4771521226415094,7.944173064058972
kg1ZDvKAN9CyWamsRIxi,2,val,1205652,1204628,0,1194748,10904,0.009044069101200015,6.261566941988808
kl6Lw0U7WYT2biJXhP3y,4,val,167936,166912,0,89388,78548,0.46772580030487804,7.928049005754449
l1OdNtIKM8Gi6jowZHg3,7,train,1257472,1256448,0,11084,1246388,0.9911854896172638,4.5369565869807715
lcqv9STBAX20houtQnR3,4,train,188416,187392,0,99800,88616,0.4703209918478261,7.925047808045533
lkqEXK4NrYSseRTt0Gb3,4,train,241664,240640,0,142792,98872,0.409130031779661,7.903950425226395
